iteration,latency_ms
1,63.510817000008046
2,64.73624200003769
3,62.68646300003411
4,65.08782299999893
5,64.3301580000184
6,65.22246700001233
7,63.27865600002269
8,64.42563600000994
9,63.78532900004075
10,63.31865900000366
11,64.26679000003332
12,66.08064099998501
13,64.53105399998549
14,63.15635200002134
15,63.4932770000205
16,63.94451400001344
17,64.52411700001903
18,65.70093200002702
19,63.5027060000084
20,63.81910099997867
21,63.84982100001935
22,63.53428900001745
23,65.13390700001764
24,65.69463199997472
25,63.55344100001048
26,64.1495330000339
27,64.42614899998489
28,64.18772000000672
29,65.83720300000095
30,64.88103700002057
31,65.15306099998952
32,63.257294000038655
33,64.07126800002061
34,65.57463599995117
35,64.66750900000307
36,64.63527700003624
37,64.07743400001209
38,64.44841199999018
39,65.11006799996721
40,64.82148999998572
41,64.64782199998353
42,63.74670600001764
43,63.37626399999863
44,64.09245500003635
45,65.62017400000286
46,65.22678700002871
47,65.16777999996748
48,64.25480199999356
49,63.883484000029966
50,65.0969079999868
51,65.04609600000322
52,65.0256779999836
53,63.92774699997972
54,64.52595099995051
55,65.11356400000068
56,64.92416399999001
57,65.02051000001074
58,64.01619500002198
59,65.28062899997167
60,65.63624300002857
61,66.27887299998747
62,64.45901900002582
63,65.0240839999583
64,65.10744199999863
65,65.59609999999338
66,65.05402499999491
67,64.98674699997764
68,65.12786400003279
69,65.99783299998307
70,64.97127899996258
71,65.00079400001368
72,63.46791300001087
73,65.92665300001954
74,66.55990299998393
75,65.00591900004338
76,64.75767599999926
77,65.27326200000516
78,67.22313199998098
79,65.25460999995403
80,65.01908199999207
81,63.953331999982765
82,65.6011959999887
83,66.30181000002722
84,65.2020609999795
85,64.97145700001283
86,64.76323699996556
87,66.62388000000874
88,64.30471699997042
89,65.7357609999849
90,65.35778099998879
91,66.22639400001162
92,66.52057500002684
93,65.37455099999079
94,65.06930399996236
95,65.69996399997535
96,65.1650580000478
97,65.06889700000329
98,64.47412300002497
99,64.57091300001139
100,65.75810400005366
101,66.11065099997404
102,65.10798600004364
103,65.13068099997099
104,65.65138799999204
105,66.11911800001735
106,65.65771000003906
107,65.36021599998776
108,66.02657600001294
109,66.32643399996141
110,65.89619800001856
111,64.33903700002475
112,65.48492399997485
113,66.1801340000352
114,65.21642999996402
115,65.02715499999567
116,64.72483400000328
117,66.21186600000328
118,65.68775400000959
119,65.05861799996637
120,64.41821800001435
121,66.34749499994541
122,65.932604000011
123,66.50827400000026
124,64.98617699998022
125,65.91825000003837
126,66.63064899998972
127,65.02103600001874
128,64.32802599999832
129,64.59157699998741
130,66.48063700004059
131,66.47239899996293
132,65.51550299997189
133,64.68364599999177
134,66.13487999999279
135,66.34493299998212
136,65.5006459999754
137,65.75357799999892
138,66.11061200004542
139,64.8486679999678
140,65.10038999999779
141,65.20343400001138
142,66.20038999994904
143,66.56626199998072
144,65.82156799998984
145,64.97633399999359
146,66.38058900000487
147,66.72807299997885
148,65.04126199996563
149,64.4732829999839
150,65.8501400000091
151,66.45550899997943
152,65.50003099999913
153,64.23747200000207
154,65.8624179999947
155,66.49975400000585
156,65.50496500000236
157,64.78468500000645
158,66.3219929999741
159,66.18333900001971
160,66.06699899998603
161,65.0801099999967
162,65.68192600002476
163,66.32196600003226
164,66.63177799998721
165,64.48532899997872
166,65.68071100002726
167,66.62298300000202
168,65.3111739999872
169,64.83458399998199
170,65.37802500002954
171,66.88062400002082
172,65.2840719999972
173,64.64464499998712
174,65.488184000003
175,66.42683899997337
176,66.35359399996332
177,65.87687100000039
178,66.16387899998699
179,67.75876400001835
180,66.016081999976
181,64.29322999997567
182,65.70060000001376
183,66.33920899997747
184,66.62905000001729
185,64.1038169999888
186,65.9036219999507
187,67.03432299997303
188,65.35214799998812
189,65.68226899997853
190,66.32521699998506
191,67.18294499995636
192,64.96233999996548
193,65.91001800001095
194,65.95162100001062
195,66.76413600001752
196,65.8813119999877
197,65.93272400004935
198,66.04902499998389
199,66.09066099997563
200,68.39417999998432
201,65.99227599997448
202,67.78554400000303
203,66.02763000000778
204,64.96152899995877
205,66.54409800000849
206,66.59652600001209
207,66.39190200002076
208,65.45158500000525
209,66.85790800003133
210,65.78549599998951
211,65.84501599996884
212,65.31655000003411
213,66.57852500001127
214,66.79612000004909
215,65.13585499999408
216,65.88837399999647
217,67.83703999997215
218,66.22952800000803
219,65.69909499995674
220,65.90255600002592
221,67.64732200002754
222,65.8629779999842
223,65.17027999996117
224,66.19694199997639
225,65.96230200000264
226,66.43439399999806
227,65.47346400003562
228,66.22566999999435
229,66.7533140000387
230,65.96816899997293
231,65.62106799998446
232,67.63186400002041
233,66.46032099996546
234,65.25627500002429
235,66.58722200000966
236,67.76202700001477
237,66.11000699996339
238,65.93786899998122
239,67.5839999999539
240,66.49810799996203
241,65.09624199998143
242,67.24457699999675
243,66.66598199996088
244,65.85657499999797
245,65.12481299995443
246,66.77001499997459
247,67.7087830000005
248,65.53190300002143
249,66.95671799997172
250,67.73882099997763
251,65.69040499999801
252,65.33148800002664
253,66.47886799999014
254,66.37134799996147
255,65.89082300001792
256,66.15515999999388
257,66.33951999998544
258,66.9549399999596
259,65.70222900000999
260,66.96301699997775
261,67.7609609999763
262,66.08170999999174
263,66.00122999998348
264,67.62304299996913
265,66.44571399999677
266,64.40511499999957
267,65.9408610000014
268,68.0853060000004
269,65.1691539999888
270,65.77995399999281
271,67.77166099999477
272,66.59131100002469
273,66.98829300000853
274,66.82043799997928
275,67.91199999997843
276,66.04978899997604
277,66.5394499999934
278,67.66116699998292
279,66.29055000001927
280,65.71387699995057
281,67.71859400004132
282,66.98106599998255
283,65.22398100003102
284,66.19099900001402
285,67.09514400000671
286,66.16839399998753
287,64.62885500002358
288,65.86984900002335
289,67.62604900001179
290,67.28720300003488
291,65.44534299996485
292,66.91449300001295
293,66.91052099995431
294,65.06293199998936
295,67.72817899997108
296,67.60986799997681
297,66.01025899999513
298,66.53192400000307
299,68.04758900000252
300,66.70646200001329
