Freeze_Layers,N_Test,Bootstrap_Resamples,Metric,Point_Estimate,CI_Lower_95,CI_Upper_95,Point_Percent,CI_Lower_Percent,CI_Upper_Percent
6,345,10000,Accuracy,0.9188405797101449,0.8898550724637682,0.9478260869565217,91.88405797101449,88.98550724637681,94.78260869565217
6,345,10000,Balanced Accuracy,0.9159090909090909,0.885302500151195,0.9446784894738328,91.5909090909091,88.5302500151195,94.46784894738329
6,345,10000,Macro-F1,0.9192249534977961,0.8887656608798116,0.9462230559962792,91.92249534977961,88.87656608798116,94.62230559962792
6,345,10000,Weighted-F1,0.9204363242818034,0.8917627885418284,0.9477655861038198,92.04363242818035,89.17627885418284,94.77655861038198
8,345,10000,Accuracy,0.8956521739130435,0.863768115942029,0.927536231884058,89.56521739130436,86.37681159420289,92.7536231884058
8,345,10000,Balanced Accuracy,0.8925757575757576,0.8589932832179025,0.9240719263963807,89.25757575757575,85.89932832179025,92.40719263963807
8,345,10000,Macro-F1,0.8956609795625933,0.8630515968467913,0.9257857321905356,89.56609795625933,86.30515968467914,92.57857321905357
8,345,10000,Weighted-F1,0.8977121156964083,0.8661873650078703,0.9281286272030744,89.77121156964083,86.61873650078704,92.81286272030744
12,345,10000,Accuracy,0.8869565217391304,0.8521739130434782,0.9188405797101449,88.69565217391305,85.21739130434783,91.88405797101449
12,345,10000,Balanced Accuracy,0.8881313131313132,0.8551931759130421,0.9203278909690372,88.81313131313132,85.51931759130422,92.03278909690373
12,345,10000,Macro-F1,0.888237984225975,0.8543455180222332,0.9196702346921093,88.8237984225975,85.43455180222333,91.96702346921093
12,345,10000,Weighted-F1,0.8871681023737317,0.8534162199520046,0.9193421310455818,88.71681023737317,85.34162199520046,91.93421310455818
16,345,10000,Accuracy,0.6173913043478261,0.5652173913043478,0.6695652173913044,61.73913043478261,56.52173913043478,66.95652173913044
16,345,10000,Balanced Accuracy,0.6123737373737373,0.5659472659372573,0.6595304838495385,61.23737373737374,56.59472659372573,65.95304838495385
16,345,10000,Macro-F1,0.6154353423756627,0.5632547825105818,0.6641499848780165,61.54353423756626,56.32547825105818,66.41499848780164
16,345,10000,Weighted-F1,0.6150650151949527,0.5615142154078492,0.6681588405838811,61.506501519495274,56.151421540784916,66.81588405838811
18,345,10000,Accuracy,0.6173913043478261,0.5652173913043478,0.6695652173913044,61.73913043478261,56.52173913043478,66.95652173913044
18,345,10000,Balanced Accuracy,0.6076262626262626,0.5640521201537443,0.651718734342908,60.76262626262626,56.40521201537443,65.17187343429079
18,345,10000,Macro-F1,0.5985268070848194,0.5456579274454523,0.6480150873682472,59.85268070848194,54.56579274454523,64.80150873682472
18,345,10000,Weighted-F1,0.6029319767937216,0.5474791207950209,0.6568406889683618,60.293197679372156,54.74791207950209,65.68406889683618
