audio_key,Annotator_1,Annotator_2,Annotator_3
f_01_angry_1.wav,angry,angry,angry
f_01_angry_2.wav,angry,angry,angry
f_01_angry_3.wav,angry,angry,angry
f_01_angry_4.wav,angry,angry,angry
f_01_angry_5.wav,angry,angry,angry
f_01_angry_6.wav,angry,angry,angry
f_01_angry_7.wav,angry,angry,angry
f_01_angry_8.wav,angry,angry,angry
f_01_disgust_1.wav,disgust,disgust,disgust
f_01_disgust_2.wav,disgust,disgust,disgust
f_01_disgust_3.wav,disgust,disgust,disgust
f_01_disgust_4.wav,angry,disgust,disgust
f_01_fear_1.wav,disgust,fear,fear
f_01_fear_2.wav,disgust,fear,fear
f_01_fear_3.wav,fear,fear,fear
f_01_fear_4.wav,disgust,fear,fear
f_01_fear_5.wav,disgust,fear,fear
f_01_fear_6.wav,fear,fear,fear
f_01_fear_7.wav,fear,fear,fear
f_01_happy_1.wav,happy,sad,disgust
f_01_happy_2.wav,happy,happy,happy
f_01_happy_3.wav,happy,happy,happy
f_01_sad_1.wav,sad,sad,sad
f_01_sad_2.wav,sad,sad,sad
f_01_sad_3.wav,sad,sad,sad
f_01_sad_4.wav,sad,sad,sad
f_01_sad_5.wav,sad,sad,sad
f_01_sad_6.wav,sad,sad,sad
f_01_sad_7.wav,sad,sad,sad
f_02_angry_1.wav,angry,angry,angry
f_02_angry_2.wav,angry,angry,angry
f_02_angry_3.wav,angry,angry,angry
f_02_angry_4.wav,angry,angry,angry
f_02_angry_5.wav,angry,angry,angry
f_02_disgust_1.wav,angry,angry,disgust
f_02_disgust_2.wav,angry,disgust,disgust
f_02_disgust_3.wav,angry,disgust,disgust
f_02_disgust_4.wav,angry,disgust,disgust
f_02_fear_1.wav,fear,fear,fear
f_02_fear_2.wav,fear,fear,fear
f_02_fear_3.wav,disgust,disgust,fear
f_02_happy_1.wav,happy,disgust,happy
f_02_happy_2.wav,happy,happy,happy
f_02_happy_3.wav,happy,happy,happy
f_02_happy_4.wav,happy,happy,happy
f_02_happy_5.wav,happy,happy,happy
f_02_happy_6.wav,happy,happy,happy
f_02_happy_7.wav,happy,happy,happy
f_02_sad_1.wav,sad,sad,sad
f_02_sad_2.wav,sad,sad,sad
f_02_sad_3.wav,sad,sad,sad
f_03_angry_1.wav,angry,angry,angry
f_03_angry_2.wav,angry,angry,angry
f_03_angry_3.wav,angry,angry,angry
f_03_angry_4.wav,fear,fear,disgust
f_03_angry_5.wav,disgust,disgust,disgust
f_03_angry_6.wav,angry,angry,angry
f_03_disgust_1.wav,disgust,sad,disgust
f_03_disgust_2.wav,disgust,angry,disgust
f_03_disgust_3.wav,angry,angry,disgust
f_03_disgust_4.wav,angry,disgust,disgust
f_03_disgust_5.wav,disgust,disgust,disgust
f_03_disgust_6.wav,disgust,disgust,disgust
f_03_fear_1.wav,disgust,disgust,fear
f_03_fear_2.wav,fear,fear,fear
f_03_fear_3.wav,fear,fear,fear
f_03_fear_4.wav,fear,fear,fear
f_03_fear_5.wav,fear,fear,fear
f_03_fear_6.wav,fear,fear,fear
f_03_happy_1.wav,happy,fear,happy
f_03_happy_2.wav,happy,happy,happy
f_04_angry_1.wav,angry,angry,angry
f_04_disgust_1.wav,disgust,disgust,disgust
f_04_disgust_2.wav,disgust,disgust,disgust
f_04_disgust_3.wav,disgust,fear,disgust
f_04_disgust_4.wav,disgust,disgust,disgust
f_04_fear_1.wav,fear,fear,fear
f_04_fear_2.wav,disgust,disgust,fear
f_04_fear_3.wav,fear,fear,fear
f_04_happy_1.wav,happy,happy,happy
f_04_happy_2.wav,happy,happy,happy
f_04_sad_1.wav,sad,sad,sad
f_04_sad_2.wav,sad,sad,sad
f_04_sad_3.wav,sad,sad,sad
f_04_sad_4.wav,sad,sad,sad
f_04_sad_5.wav,sad,sad,sad
f_04_sad_6.wav,sad,sad,sad
f_05_angry_1.wav,angry,angry,angry
f_05_disgust_1.wav,disgust,disgust,disgust
f_05_disgust_2.wav,disgust,disgust,disgust
f_05_disgust_3.wav,angry,disgust,disgust
f_05_fear_1.wav,fear,fear,fear
f_05_happy_1.wav,happy,happy,happy
f_05_happy_2.wav,happy,happy,happy
f_05_happy_3.wav,happy,disgust,happy
f_05_happy_4.wav,happy,happy,happy
f_05_happy_5.wav,happy,happy,happy
f_05_happy_6.wav,happy,happy,happy
f_05_happy_7.wav,happy,happy,happy
f_05_sad_1.wav,sad,sad,sad
f_05_sad_2.wav,sad,sad,sad
f_05_sad_3.wav,sad,sad,sad
f_06_angry_1.wav,angry,angry,angry
f_06_angry_2.wav,angry,angry,disgust
f_06_angry_3.wav,angry,disgust,disgust
f_06_angry_4.wav,angry,angry,disgust
f_06_disgust_1.wav,disgust,disgust,disgust
f_06_disgust_2.wav,disgust,disgust,disgust
f_06_disgust_3.wav,disgust,disgust,disgust
f_06_fear_1.wav,disgust,disgust,fear
f_06_fear_2.wav,disgust,fear,fear
f_06_fear_3.wav,disgust,fear,fear
f_06_fear_4.wav,disgust,disgust,sad
f_06_fear_5.wav,fear,sad,sad
f_06_happy_1.wav,happy,happy,happy
f_06_happy_2.wav,happy,happy,happy
f_06_sad_1.wav,sad,sad,sad
f_06_sad_2.wav,sad,sad,sad
f_06_sad_3.wav,sad,sad,sad
f_06_sad_4.wav,sad,sad,sad
f_06_sad_5.wav,sad,sad,sad
f_06_sad_6.wav,sad,sad,sad
f_06_sad_7.wav,sad,sad,sad
f_07_angry_1.wav,angry,angry,angry
f_07_angry_2.wav,disgust,angry,angry
f_07_angry_3.wav,angry,angry,angry
f_07_angry_4.wav,angry,angry,angry
f_07_angry_5.wav,angry,angry,sad
f_07_angry_6.wav,angry,angry,disgust
f_07_angry_7.wav,angry,angry,angry
f_07_angry_8.wav,sad,angry,disgust
f_07_angry_9.wav,angry,angry,disgust
f_07_disgust_1.wav,disgust,disgust,disgust
f_07_disgust_2.wav,disgust,disgust,angry
f_07_disgust_3.wav,disgust,disgust,angry
f_07_fear_1.wav,disgust,disgust,fear
f_07_fear_2.wav,fear,fear,sad
f_07_fear_3.wav,fear,fear,fear
f_07_happy_1.wav,happy,happy,happy
f_07_happy_10.wav,happy,happy,happy
f_07_happy_11.wav,happy,happy,happy
f_07_happy_2.wav,happy,happy,happy
f_07_happy_3.wav,happy,happy,happy
f_07_happy_4.wav,happy,happy,happy
f_07_happy_5.wav,happy,happy,happy
f_07_happy_6.wav,happy,happy,happy
f_07_happy_7.wav,happy,happy,happy
f_07_happy_8.wav,happy,happy,happy
f_07_happy_9.wav,happy,happy,happy
f_07_sad_1.wav,sad,sad,sad
f_07_sad_2.wav,disgust,sad,sad
f_07_sad_3.wav,sad,sad,neutral
f_07_sad_4.wav,sad,sad,neutral
f_07_sad_5.wav,sad,sad,sad
f_07_sad_6.wav,sad,sad,sad
f_07_sad_7.wav,sad,disgust,sad
f_07_sad_8.wav,sad,sad,fear
f_07_sad_9.wav,sad,sad,fear
f_08_angry_1.wav,angry,angry,disgust
f_08_angry_2.wav,angry,angry,disgust
f_08_angry_3.wav,angry,angry,angry
f_08_angry_4.wav,angry,angry,angry
f_08_angry_5.wav,angry,angry,disgust
f_08_angry_6.wav,angry,angry,angry
f_08_disgust_1.wav,angry,disgust,disgust
f_08_disgust_2.wav,disgust,disgust,disgust
f_08_disgust_3.wav,disgust,disgust,disgust
f_08_fear_1.wav,disgust,fear,fear
f_08_happy_1.wav,happy,happy,happy
f_08_happy_2.wav,happy,happy,happy
f_08_happy_3.wav,happy,happy,happy
f_08_happy_4.wav,happy,happy,happy
f_08_sad_1.wav,disgust,sad,sad
f_09_angry_1.wav,angry,angry,angry
f_09_angry_2.wav,angry,angry,angry
f_09_angry_3.wav,angry,angry,angry
f_09_angry_4.wav,angry,angry,angry
f_09_angry_5.wav,angry,angry,angry
f_09_angry_6.wav,angry,angry,angry
f_09_disgust_1.wav,disgust,fear,disgust
f_09_disgust_2.wav,disgust,disgust,disgust
f_09_fear_1.wav,neutral,disgust,disgust
f_09_happy_1.wav,disgust,happy,happy
f_09_happy_2.wav,happy,happy,happy
f_09_happy_3.wav,happy,happy,happy
f_09_happy_4.wav,happy,happy,happy
f_09_happy_5.wav,happy,happy,happy
f_09_happy_6.wav,happy,happy,happy
f_09_happy_7.wav,happy,happy,happy
f_09_happy_8.wav,happy,happy,happy
f_09_sad_1.wav,sad,sad,sad
f_09_sad_2.wav,sad,sad,sad
f_09_sad_3.wav,sad,sad,sad
f_09_sad_4.wav,sad,sad,sad
f_09_sad_5.wav,sad,sad,sad
f_09_sad_6.wav,sad,sad,sad
f_09_sad_7.wav,sad,sad,sad
f_10_angry_1.wav,angry,angry,angry
f_10_angry_2.wav,angry,angry,angry
f_10_angry_3.wav,angry,angry,angry
f_10_angry_4.wav,angry,angry,angry
f_10_angry_5.wav,angry,angry,disgust
f_10_angry_6.wav,angry,angry,disgust
f_10_angry_7.wav,disgust,disgust,disgust
f_10_angry_8.wav,angry,angry,angry
f_10_disgust_1.wav,angry,disgust,disgust
f_10_disgust_10.wav,disgust,disgust,disgust
f_10_disgust_11.wav,disgust,disgust,disgust
f_10_disgust_12.wav,angry,disgust,disgust
f_10_disgust_13.wav,angry,disgust,disgust
f_10_disgust_14.wav,angry,disgust,disgust
f_10_disgust_2.wav,angry,disgust,disgust
f_10_disgust_3.wav,angry,disgust,disgust
f_10_disgust_4.wav,angry,disgust,disgust
f_10_disgust_5.wav,angry,disgust,disgust
f_10_disgust_6.wav,angry,disgust,disgust
f_10_disgust_7.wav,angry,disgust,disgust
f_10_disgust_8.wav,disgust,disgust,disgust
f_10_disgust_9.wav,disgust,disgust,disgust
f_10_happy_1.wav,happy,happy,happy
f_10_happy_2.wav,happy,happy,happy
f_10_happy_3.wav,happy,happy,happy
f_10_happy_4.wav,happy,happy,happy
f_10_happy_5.wav,happy,happy,happy
f_10_sad_1.wav,sad,sad,sad
f_10_sad_2.wav,sad,sad,sad
f_10_sad_3.wav,sad,sad,sad
f_10_sad_4.wav,sad,sad,disgust
f_10_sad_5.wav,sad,sad,sad
f_11_angry_1.wav,angry,angry,angry
f_11_angry_2.wav,angry,angry,angry
f_11_disgust_1.wav,disgust,disgust,disgust
f_11_disgust_2.wav,angry,disgust,sad
f_11_disgust_3.wav,disgust,disgust,sad
f_11_fear_1.wav,disgust,disgust,fear
f_11_happy_1.wav,happy,happy,happy
f_11_happy_2.wav,happy,happy,happy
f_11_happy_3.wav,happy,happy,happy
f_11_happy_4.wav,happy,happy,happy
f_11_happy_5.wav,happy,happy,happy
f_11_sad_1.wav,sad,sad,sad
f_12_angry_1.wav,angry,angry,angry
f_12_angry_10.wav,angry,angry,angry
f_12_angry_11.wav,angry,angry,angry
f_12_angry_2.wav,angry,angry,angry
f_12_angry_3.wav,angry,angry,angry
f_12_angry_4.wav,angry,angry,angry
f_12_angry_5.wav,angry,angry,angry
f_12_angry_6.wav,angry,angry,angry
f_12_angry_7.wav,angry,angry,angry
f_12_angry_8.wav,angry,angry,angry
f_12_angry_9.wav,angry,angry,angry
f_12_disgust_1.wav,angry,disgust,angry
f_12_disgust_10.wav,angry,disgust,disgust
f_12_disgust_2.wav,angry,disgust,disgust
f_12_disgust_3.wav,angry,disgust,disgust
f_12_disgust_4.wav,angry,disgust,disgust
f_12_disgust_5.wav,angry,disgust,disgust
f_12_disgust_6.wav,angry,disgust,disgust
f_12_disgust_7.wav,angry,disgust,disgust
f_12_disgust_8.wav,angry,disgust,disgust
f_12_disgust_9.wav,angry,disgust,disgust
f_12_fear_1.wav,disgust,disgust,fear
f_12_fear_2.wav,fear,fear,fear
f_12_fear_3.wav,fear,fear,fear
f_12_happy_1.wav,happy,happy,happy
f_12_happy_2.wav,happy,happy,happy
f_12_happy_3.wav,happy,happy,happy
f_12_happy_4.wav,happy,happy,happy
f_12_happy_5.wav,happy,happy,happy
f_12_sad_1.wav,fear,fear,sad
f_12_sad_2.wav,sad,sad,sad
f_12_sad_3.wav,sad,sad,sad
f_12_sad_4.wav,sad,sad,sad
f_12_sad_5.wav,sad,sad,sad
f_12_sad_6.wav,sad,sad,sad
f_12_sad_7.wav,sad,sad,sad
f_12_sad_8.wav,sad,sad,sad
f_12_sad_9.wav,sad,sad,sad
f_13_angry_01_1.wav,angry,angry,angry
f_13_angry_01_2.wav,angry,angry,angry
f_13_angry_01_3.wav,angry,angry,angry
f_13_angry_01_4.wav,angry,angry,angry
f_13_angry_01_5.wav,angry,angry,angry
f_13_angry_02_1.wav,happy,angry,angry
f_13_angry_02_2.wav,happy,angry,angry
f_13_angry_02_3.wav,angry,angry,angry
f_13_angry_02_4.wav,angry,angry,angry
f_13_angry_02_5.wav,angry,angry,angry
f_13_angry_03_1.wav,angry,angry,angry
f_13_angry_03_2.wav,angry,angry,angry
f_13_angry_03_3.wav,angry,angry,angry
f_13_angry_03_4.wav,angry,angry,angry
f_13_angry_03_5.wav,angry,angry,angry
f_13_angry_04_1.wav,angry,angry,angry
f_13_angry_04_2.wav,angry,angry,angry
f_13_angry_04_3.wav,angry,angry,angry
f_13_angry_04_4.wav,angry,angry,angry
f_13_angry_04_5.wav,angry,angry,angry
f_13_angry_05_1.wav,angry,angry,angry
f_13_angry_05_2.wav,angry,angry,angry
f_13_angry_05_3.wav,angry,angry,angry
f_13_angry_05_4.wav,angry,angry,angry
f_13_angry_05_5.wav,angry,angry,angry
f_13_angry_06_1.wav,angry,angry,angry
f_13_angry_06_2.wav,angry,angry,angry
f_13_angry_06_3.wav,angry,angry,angry
f_13_angry_06_4.wav,angry,angry,angry
f_13_angry_06_5.wav,angry,angry,angry
f_13_angry_07_1.wav,angry,angry,angry
f_13_angry_07_2.wav,angry,angry,angry
f_13_angry_07_3.wav,angry,angry,angry
f_13_angry_07_4.wav,angry,angry,angry
f_13_angry_07_5.wav,angry,angry,angry
f_13_angry_08_1.wav,angry,angry,angry
f_13_angry_08_2.wav,angry,angry,angry
f_13_angry_08_3.wav,angry,angry,angry
f_13_angry_08_4.wav,angry,angry,angry
f_13_angry_08_5.wav,angry,angry,angry
f_13_angry_09_1.wav,angry,angry,angry
f_13_angry_09_2.wav,angry,angry,angry
f_13_angry_09_3.wav,angry,angry,angry
f_13_angry_09_4.wav,angry,angry,angry
f_13_angry_09_5.wav,angry,angry,angry
f_13_angry_10_1.wav,angry,angry,angry
f_13_angry_10_2.wav,happy,angry,angry
f_13_angry_10_3.wav,angry,angry,angry
f_13_angry_10_4.wav,angry,angry,angry
f_13_angry_10_5.wav,angry,angry,angry
f_13_disgust_01_1.wav,disgust,disgust,neutral
f_13_disgust_01_2.wav,disgust,disgust,disgust
f_13_disgust_01_3.wav,disgust,disgust,disgust
f_13_disgust_01_4.wav,disgust,disgust,neutral
f_13_disgust_01_5.wav,disgust,disgust,disgust
f_13_disgust_02_1.wav,sad,disgust,disgust
f_13_disgust_02_2.wav,sad,disgust,angry
f_13_disgust_02_3.wav,sad,disgust,neutral
f_13_disgust_02_4.wav,disgust,disgust,happy
f_13_disgust_02_5.wav,disgust,disgust,happy
f_13_disgust_03_1.wav,disgust,disgust,neutral
f_13_disgust_03_2.wav,disgust,disgust,neutral
f_13_disgust_03_3.wav,angry,angry,disgust
f_13_disgust_03_4.wav,disgust,angry,disgust
f_13_disgust_03_5.wav,disgust,angry,disgust
f_13_disgust_04_1.wav,disgust,disgust,disgust
f_13_disgust_04_2.wav,disgust,disgust,disgust
f_13_disgust_04_3.wav,disgust,disgust,disgust
f_13_disgust_04_4.wav,disgust,disgust,disgust
f_13_disgust_04_5.wav,disgust,disgust,disgust
f_13_disgust_05_1.wav,disgust,disgust,disgust
f_13_disgust_05_2.wav,disgust,disgust,disgust
f_13_disgust_05_3.wav,disgust,angry,disgust
f_13_disgust_05_4.wav,disgust,disgust,disgust
f_13_disgust_05_5.wav,disgust,disgust,disgust
f_13_disgust_06_1.wav,disgust,disgust,disgust
f_13_disgust_06_2.wav,disgust,disgust,disgust
f_13_disgust_06_3.wav,disgust,disgust,disgust
f_13_disgust_06_4.wav,disgust,disgust,disgust
f_13_disgust_06_5.wav,disgust,disgust,disgust
f_13_disgust_07_1.wav,disgust,disgust,disgust
f_13_disgust_07_2.wav,disgust,disgust,disgust
f_13_disgust_07_3.wav,disgust,disgust,disgust
f_13_disgust_07_4.wav,disgust,disgust,disgust
f_13_disgust_07_5.wav,disgust,disgust,disgust
f_13_disgust_08_1.wav,disgust,disgust,disgust
f_13_disgust_08_2.wav,disgust,disgust,disgust
f_13_disgust_08_3.wav,disgust,disgust,disgust
f_13_disgust_08_4.wav,disgust,disgust,disgust
f_13_disgust_08_5.wav,disgust,disgust,disgust
f_13_disgust_09_1.wav,disgust,disgust,disgust
f_13_disgust_09_2.wav,disgust,disgust,disgust
f_13_disgust_09_3.wav,disgust,disgust,disgust
f_13_disgust_09_4.wav,disgust,disgust,disgust
f_13_disgust_09_5.wav,disgust,disgust,angry
f_13_disgust_10_1.wav,disgust,disgust,angry
f_13_disgust_10_2.wav,disgust,disgust,angry
f_13_disgust_10_3.wav,disgust,disgust,angry
f_13_disgust_10_4.wav,disgust,disgust,angry
f_13_disgust_10_5.wav,disgust,disgust,angry
f_13_fear_01_1.wav,fear,fear,fear
f_13_fear_01_2.wav,neutral,fear,fear
f_13_fear_01_3.wav,neutral,fear,fear
f_13_fear_01_4.wav,neutral,fear,fear
f_13_fear_01_5.wav,neutral,fear,fear
f_13_fear_02_1.wav,fear,fear,fear
f_13_fear_02_2.wav,neutral,fear,fear
f_13_fear_02_3.wav,neutral,fear,fear
f_13_fear_02_4.wav,neutral,fear,fear
f_13_fear_02_5.wav,neutral,fear,fear
f_13_fear_03_1.wav,neutral,fear,fear
f_13_fear_03_2.wav,fear,fear,fear
f_13_fear_03_3.wav,fear,fear,fear
f_13_fear_03_4.wav,fear,fear,fear
f_13_fear_03_5.wav,fear,fear,fear
f_13_fear_04_1.wav,sad,fear,fear
f_13_fear_04_2.wav,sad,fear,fear
f_13_fear_04_3.wav,sad,fear,fear
f_13_fear_04_4.wav,fear,fear,fear
f_13_fear_04_5.wav,sad,fear,fear
f_13_fear_05_1.wav,fear,fear,fear
f_13_fear_05_2.wav,fear,fear,fear
f_13_fear_05_3.wav,fear,fear,sad
f_13_fear_05_4.wav,fear,fear,fear
f_13_fear_05_5.wav,fear,fear,fear
f_13_fear_06_1.wav,disgust,fear,fear
f_13_fear_06_2.wav,disgust,fear,fear
f_13_fear_06_3.wav,disgust,fear,fear
f_13_fear_06_4.wav,disgust,fear,fear
f_13_fear_06_5.wav,disgust,fear,fear
f_13_fear_07_1.wav,disgust,fear,fear
f_13_fear_07_2.wav,disgust,fear,fear
f_13_fear_07_3.wav,fear,fear,fear
f_13_fear_07_4.wav,fear,fear,fear
f_13_fear_07_5.wav,fear,fear,fear
f_13_fear_08_1.wav,disgust,fear,fear
f_13_fear_08_2.wav,disgust,fear,fear
f_13_fear_08_3.wav,disgust,fear,fear
f_13_fear_08_4.wav,disgust,fear,fear
f_13_fear_08_5.wav,disgust,fear,fear
f_13_fear_09_1.wav,fear,fear,fear
f_13_fear_09_2.wav,fear,fear,fear
f_13_fear_09_3.wav,fear,fear,fear
f_13_fear_09_4.wav,fear,fear,fear
f_13_fear_09_5.wav,fear,fear,fear
f_13_fear_10_1.wav,fear,fear,fear
f_13_fear_10_2.wav,fear,fear,fear
f_13_fear_10_3.wav,fear,fear,fear
f_13_fear_10_4.wav,fear,fear,fear
f_13_fear_10_5.wav,fear,fear,fear
f_13_happy_01_1.wav,happy,disgust,happy
f_13_happy_01_2.wav,happy,happy,happy
f_13_happy_01_3.wav,happy,happy,happy
f_13_happy_01_4.wav,happy,happy,happy
f_13_happy_01_5.wav,happy,happy,happy
f_13_happy_02_1.wav,happy,happy,happy
f_13_happy_02_2.wav,happy,happy,happy
f_13_happy_02_3.wav,happy,happy,happy
f_13_happy_02_4.wav,happy,happy,happy
f_13_happy_02_5.wav,happy,happy,happy
f_13_happy_03_1.wav,happy,happy,happy
f_13_happy_03_2.wav,happy,happy,happy
f_13_happy_03_3.wav,happy,happy,happy
f_13_happy_03_4.wav,happy,happy,happy
f_13_happy_03_5.wav,happy,happy,happy
f_13_happy_04_1.wav,happy,happy,happy
f_13_happy_04_2.wav,angry,happy,happy
f_13_happy_04_3.wav,happy,happy,happy
f_13_happy_04_4.wav,happy,happy,happy
f_13_happy_04_5.wav,happy,happy,happy
f_13_happy_05_1.wav,happy,happy,happy
f_13_happy_05_2.wav,happy,happy,happy
f_13_happy_05_3.wav,happy,happy,happy
f_13_happy_05_4.wav,happy,happy,happy
f_13_happy_05_5.wav,happy,happy,happy
f_13_happy_06_1.wav,happy,happy,happy
f_13_happy_06_2.wav,happy,happy,happy
f_13_happy_06_3.wav,happy,happy,happy
f_13_happy_06_4.wav,happy,happy,happy
f_13_happy_06_5.wav,happy,happy,happy
f_13_happy_07_1.wav,happy,happy,happy
f_13_happy_07_2.wav,happy,happy,happy
f_13_happy_07_3.wav,happy,happy,happy
f_13_happy_07_4.wav,happy,happy,happy
f_13_happy_07_5.wav,happy,happy,happy
f_13_happy_08_1.wav,happy,happy,happy
f_13_happy_08_2.wav,happy,happy,happy
f_13_happy_08_3.wav,happy,happy,happy
f_13_happy_08_4.wav,neutral,happy,happy
f_13_happy_08_5.wav,happy,happy,happy
f_13_happy_09_1.wav,happy,happy,happy
f_13_happy_09_2.wav,happy,happy,happy
f_13_happy_09_3.wav,happy,happy,happy
f_13_happy_09_4.wav,happy,happy,happy
f_13_happy_09_5.wav,happy,happy,happy
f_13_happy_10_1.wav,happy,happy,happy
f_13_happy_10_2.wav,happy,happy,happy
f_13_happy_10_3.wav,happy,happy,happy
f_13_happy_10_4.wav,happy,happy,happy
f_13_happy_10_5.wav,neutral,happy,happy
f_13_neutral_01_1.wav,neutral,neutral,neutral
f_13_neutral_01_2.wav,neutral,neutral,neutral
f_13_neutral_01_3.wav,neutral,neutral,neutral
f_13_neutral_01_4.wav,neutral,neutral,neutral
f_13_neutral_01_5.wav,neutral,neutral,neutral
f_13_neutral_02_1.wav,happy,happy,neutral
f_13_neutral_02_2.wav,neutral,happy,neutral
f_13_neutral_02_3.wav,neutral,happy,neutral
f_13_neutral_02_4.wav,neutral,neutral,neutral
f_13_neutral_02_5.wav,neutral,neutral,neutral
f_13_neutral_03_1.wav,neutral,neutral,neutral
f_13_neutral_03_2.wav,neutral,neutral,neutral
f_13_neutral_03_3.wav,neutral,neutral,neutral
f_13_neutral_03_4.wav,neutral,neutral,neutral
f_13_neutral_03_5.wav,neutral,neutral,neutral
f_13_neutral_04_1.wav,neutral,neutral,neutral
f_13_neutral_04_2.wav,neutral,neutral,neutral
f_13_neutral_04_3.wav,neutral,neutral,neutral
f_13_neutral_04_4.wav,neutral,neutral,neutral
f_13_neutral_04_5.wav,neutral,neutral,neutral
f_13_neutral_05_1.wav,neutral,neutral,neutral
f_13_neutral_05_2.wav,neutral,neutral,neutral
f_13_neutral_05_3.wav,neutral,neutral,neutral
f_13_neutral_05_4.wav,neutral,neutral,neutral
f_13_neutral_05_5.wav,neutral,happy,neutral
f_13_neutral_06_1.wav,neutral,neutral,neutral
f_13_neutral_06_2.wav,neutral,neutral,neutral
f_13_neutral_06_3.wav,neutral,neutral,neutral
f_13_neutral_06_4.wav,neutral,neutral,neutral
f_13_neutral_06_5.wav,neutral,neutral,neutral
f_13_neutral_07_1.wav,neutral,neutral,neutral
f_13_neutral_07_2.wav,neutral,neutral,neutral
f_13_neutral_07_3.wav,neutral,neutral,neutral
f_13_neutral_07_4.wav,neutral,neutral,neutral
f_13_neutral_07_5.wav,neutral,neutral,neutral
f_13_neutral_08_1.wav,neutral,neutral,neutral
f_13_neutral_08_2.wav,neutral,neutral,neutral
f_13_neutral_08_3.wav,neutral,neutral,neutral
f_13_neutral_08_4.wav,neutral,neutral,neutral
f_13_neutral_08_5.wav,neutral,neutral,neutral
f_13_neutral_09_1.wav,sad,neutral,neutral
f_13_neutral_09_2.wav,sad,neutral,neutral
f_13_neutral_09_3.wav,sad,neutral,neutral
f_13_neutral_09_4.wav,neutral,neutral,neutral
f_13_neutral_09_5.wav,neutral,neutral,neutral
f_13_neutral_10_1.wav,neutral,neutral,neutral
f_13_neutral_10_2.wav,neutral,neutral,neutral
f_13_neutral_10_3.wav,neutral,neutral,neutral
f_13_neutral_10_4.wav,neutral,neutral,neutral
f_13_neutral_10_5.wav,neutral,neutral,neutral
f_13_sad_01_1.wav,neutral,sad,sad
f_13_sad_01_2.wav,disgust,sad,sad
f_13_sad_01_3.wav,disgust,sad,sad
f_13_sad_01_4.wav,sad,sad,sad
f_13_sad_01_5.wav,sad,sad,sad
f_13_sad_02_1.wav,sad,sad,sad
f_13_sad_02_2.wav,sad,sad,sad
f_13_sad_02_3.wav,sad,sad,sad
f_13_sad_02_4.wav,sad,sad,sad
f_13_sad_02_5.wav,sad,sad,sad
f_13_sad_03_1.wav,sad,sad,sad
f_13_sad_03_2.wav,sad,sad,sad
f_13_sad_03_3.wav,sad,sad,sad
f_13_sad_03_4.wav,sad,sad,sad
f_13_sad_03_5.wav,sad,sad,sad
f_13_sad_04_1.wav,sad,sad,sad
f_13_sad_04_2.wav,sad,sad,sad
f_13_sad_04_3.wav,sad,sad,sad
f_13_sad_04_4.wav,sad,sad,sad
f_13_sad_04_5.wav,sad,sad,sad
f_13_sad_05_1.wav,fear,sad,sad
f_13_sad_05_2.wav,sad,sad,sad
f_13_sad_05_3.wav,sad,sad,sad
f_13_sad_05_4.wav,sad,sad,sad
f_13_sad_05_5.wav,sad,sad,sad
f_13_sad_06_1.wav,sad,sad,sad
f_13_sad_06_2.wav,sad,sad,sad
f_13_sad_06_3.wav,sad,sad,sad
f_13_sad_06_4.wav,sad,sad,sad
f_13_sad_06_5.wav,sad,sad,sad
f_13_sad_07_1.wav,sad,sad,sad
f_13_sad_07_2.wav,sad,sad,sad
f_13_sad_07_3.wav,sad,sad,sad
f_13_sad_07_4.wav,sad,sad,sad
f_13_sad_07_5.wav,sad,sad,sad
f_13_sad_08_1.wav,sad,sad,sad
f_13_sad_08_2.wav,sad,sad,sad
f_13_sad_08_3.wav,sad,sad,sad
f_13_sad_08_4.wav,sad,sad,sad
f_13_sad_08_5.wav,sad,sad,sad
f_13_sad_09_1.wav,sad,sad,sad
f_13_sad_09_2.wav,sad,sad,sad
f_13_sad_09_3.wav,sad,sad,sad
f_13_sad_09_4.wav,sad,sad,sad
f_13_sad_09_5.wav,sad,sad,sad
f_13_sad_10_1.wav,sad,sad,sad
f_13_sad_10_2.wav,sad,sad,sad
f_13_sad_10_3.wav,sad,sad,sad
f_13_sad_10_4.wav,sad,sad,sad
f_13_sad_10_5.wav,sad,sad,sad
f_14_angry_01_1.wav,angry,angry,angry
f_14_angry_01_2.wav,angry,angry,angry
f_14_angry_01_3.wav,angry,angry,angry
f_14_angry_01_4.wav,angry,angry,angry
f_14_angry_01_5.wav,angry,angry,angry
f_14_angry_02_1.wav,angry,angry,angry
f_14_angry_02_2.wav,angry,angry,angry
f_14_angry_02_3.wav,angry,angry,angry
f_14_angry_02_4.wav,angry,angry,angry
f_14_angry_02_5.wav,angry,angry,angry
f_14_angry_03_1.wav,angry,angry,angry
f_14_angry_03_2.wav,angry,angry,angry
f_14_angry_03_3.wav,angry,angry,angry
f_14_angry_03_4.wav,angry,angry,angry
f_14_angry_03_5.wav,angry,angry,angry
f_14_angry_04_1.wav,angry,angry,angry
f_14_angry_04_2.wav,angry,angry,angry
f_14_angry_04_3.wav,angry,angry,angry
f_14_angry_04_4.wav,angry,angry,angry
f_14_angry_04_5.wav,angry,angry,angry
f_14_angry_05_1.wav,angry,angry,angry
f_14_angry_05_2.wav,angry,angry,angry
f_14_angry_05_3.wav,angry,angry,angry
f_14_angry_05_4.wav,angry,angry,angry
f_14_angry_05_5.wav,angry,angry,angry
f_14_angry_06_1.wav,angry,angry,angry
f_14_angry_06_2.wav,angry,angry,angry
f_14_angry_06_3.wav,angry,angry,angry
f_14_angry_06_4.wav,angry,angry,angry
f_14_angry_06_5.wav,angry,angry,angry
f_14_angry_07_1.wav,angry,angry,angry
f_14_angry_07_2.wav,angry,angry,angry
f_14_angry_07_3.wav,angry,angry,angry
f_14_angry_07_4.wav,angry,angry,angry
f_14_angry_07_5.wav,angry,angry,angry
f_14_angry_08_1.wav,angry,angry,angry
f_14_angry_08_2.wav,angry,angry,angry
f_14_angry_08_3.wav,angry,angry,angry
f_14_angry_08_4.wav,angry,angry,angry
f_14_angry_08_5.wav,angry,angry,angry
f_14_angry_09_1wav.wav,angry,angry,angry
f_14_angry_09_2.wav,angry,angry,angry
f_14_angry_09_3.wav,angry,angry,angry
f_14_angry_09_4.wav,angry,angry,angry
f_14_angry_09_5.wav,angry,angry,angry
f_14_angry_10_1.wav,angry,angry,angry
f_14_angry_10_2.wav,angry,angry,angry
f_14_angry_10_3.wav,angry,angry,angry
f_14_angry_10_4.wav,angry,angry,angry
f_14_angry_10_5.wav,angry,angry,angry
f_14_disgust_01_1.wav,disgust,disgust,disgust
f_14_disgust_01_2.wav,disgust,disgust,disgust
f_14_disgust_01_3.wav,disgust,disgust,disgust
f_14_disgust_01_4.wav,disgust,disgust,disgust
f_14_disgust_01_5.wav,disgust,disgust,disgust
f_14_disgust_02_1.wav,happy,disgust,disgust
f_14_disgust_02_2.wav,disgust,disgust,disgust
f_14_disgust_02_3.wav,disgust,disgust,disgust
f_14_disgust_02_4.wav,disgust,disgust,disgust
f_14_disgust_02_5.wav,disgust,disgust,disgust
f_14_disgust_03_1.wav,disgust,disgust,disgust
f_14_disgust_03_2.wav,disgust,disgust,disgust
f_14_disgust_03_3.wav,disgust,disgust,disgust
f_14_disgust_03_4.wav,disgust,disgust,disgust
f_14_disgust_03_5.wav,disgust,disgust,disgust
f_14_disgust_04_1.wav,disgust,disgust,disgust
f_14_disgust_04_2.wav,disgust,disgust,disgust
f_14_disgust_04_3.wav,disgust,disgust,disgust
f_14_disgust_04_4.wav,disgust,disgust,disgust
f_14_disgust_04_5.wav,disgust,disgust,disgust
f_14_disgust_05_1.wav,disgust,disgust,disgust
f_14_disgust_05_2.wav,disgust,disgust,disgust
f_14_disgust_05_3.wav,disgust,disgust,disgust
f_14_disgust_05_4.wav,disgust,disgust,disgust
f_14_disgust_05_5.wav,disgust,disgust,disgust
f_14_disgust_06_1.wav,disgust,disgust,disgust
f_14_disgust_06_2.wav,disgust,disgust,disgust
f_14_disgust_06_3.wav,disgust,disgust,disgust
f_14_disgust_06_4.wav,disgust,disgust,disgust
f_14_disgust_06_5.wav,disgust,disgust,disgust
f_14_disgust_07_1.wav,disgust,disgust,disgust
f_14_disgust_07_2.wav,disgust,disgust,disgust
f_14_disgust_07_3.wav,disgust,disgust,disgust
f_14_disgust_07_4.wav,disgust,disgust,disgust
f_14_disgust_07_5.wav,disgust,disgust,disgust
f_14_disgust_08_1.wav,disgust,disgust,disgust
f_14_disgust_08_2.wav,disgust,disgust,disgust
f_14_disgust_08_3.wav,disgust,disgust,disgust
f_14_disgust_08_4.wav,disgust,disgust,disgust
f_14_disgust_08_5.wav,disgust,disgust,disgust
f_14_disgust_09_1.wav,disgust,disgust,disgust
f_14_disgust_09_2.wav,disgust,disgust,disgust
f_14_disgust_09_3.wav,disgust,disgust,disgust
f_14_disgust_09_4.wav,disgust,disgust,disgust
f_14_disgust_09_5.wav,disgust,disgust,disgust
f_14_disgust_10_1.wav,disgust,disgust,disgust
f_14_disgust_10_2.wav,disgust,disgust,disgust
f_14_disgust_10_3.wav,disgust,disgust,disgust
f_14_disgust_10_4.wav,disgust,disgust,disgust
f_14_disgust_10_5.wav,disgust,disgust,disgust
f_14_fear_01_1.wav,fear,fear,fear
f_14_fear_01_2.wav,fear,fear,fear
f_14_fear_01_3.wav,fear,fear,fear
f_14_fear_01_4.wav,fear,fear,fear
f_14_fear_01_5.wav,fear,fear,fear
f_14_fear_02_1.wav,fear,fear,fear
f_14_fear_02_2.wav,fear,fear,fear
f_14_fear_02_3.wav,fear,fear,fear
f_14_fear_02_4.wav,fear,fear,fear
f_14_fear_02_5.wav,fear,fear,fear
f_14_fear_03_1.wav,fear,fear,fear
f_14_fear_03_2.wav,fear,fear,fear
f_14_fear_03_3.wav,fear,fear,fear
f_14_fear_03_4.wav,fear,fear,fear
f_14_fear_03_5.wav,fear,fear,fear
f_14_fear_04_1.wav,fear,fear,fear
f_14_fear_04_2.wav,disgust,fear,fear
f_14_fear_04_3.wav,fear,fear,fear
f_14_fear_04_4.wav,fear,fear,fear
f_14_fear_04_5.wav,fear,fear,fear
f_14_fear_05_1.wav,fear,fear,fear
f_14_fear_05_2.wav,fear,fear,fear
f_14_fear_05_3.wav,fear,fear,fear
f_14_fear_05_4.wav,fear,fear,fear
f_14_fear_05_5.wav,fear,fear,fear
f_14_fear_06_1.wav,fear,fear,fear
f_14_fear_06_2.wav,fear,fear,fear
f_14_fear_06_3.wav,fear,fear,fear
f_14_fear_06_4.wav,fear,fear,fear
f_14_fear_06_5.wav,fear,fear,fear
f_14_fear_07_1.wav,fear,fear,fear
f_14_fear_07_2.wav,fear,fear,fear
f_14_fear_07_3.wav,fear,fear,fear
f_14_fear_07_4.wav,sad,fear,fear
f_14_fear_07_5.wav,fear,fear,fear
f_14_fear_08_1.wav,fear,fear,fear
f_14_fear_08_2.wav,fear,fear,fear
f_14_fear_08_3.wav,fear,fear,fear
f_14_fear_08_4.wav,fear,fear,fear
f_14_fear_08_5.wav,fear,fear,fear
f_14_fear_09_1.wav,fear,fear,fear
f_14_fear_09_2.wav,fear,fear,fear
f_14_fear_09_3.wav,fear,fear,fear
f_14_fear_09_4.wav,fear,fear,fear
f_14_fear_09_5.wav,fear,fear,fear
f_14_fear_10_1.wav,fear,fear,fear
f_14_fear_10_2.wav,fear,fear,fear
f_14_fear_10_3.wav,fear,fear,fear
f_14_fear_10_4.wav,fear,fear,fear
f_14_fear_10_5.wav,fear,fear,fear
f_14_happy_01_1.wav,happy,happy,happy
f_14_happy_01_2.wav,happy,happy,happy
f_14_happy_01_3.wav,happy,happy,happy
f_14_happy_01_4.wav,happy,happy,happy
f_14_happy_01_5.wav,happy,happy,happy
f_14_happy_02_1.wav,happy,happy,happy
f_14_happy_02_2.wav,happy,happy,happy
f_14_happy_02_3.wav,happy,happy,happy
f_14_happy_02_4.wav,happy,happy,happy
f_14_happy_02_5.wav,happy,happy,happy
f_14_happy_03_1.wav,happy,happy,happy
f_14_happy_03_2.wav,happy,happy,happy
f_14_happy_03_3.wav,happy,happy,happy
f_14_happy_03_4.wav,happy,happy,happy
f_14_happy_03_5.wav,happy,happy,happy
f_14_happy_04_1.wav,happy,happy,happy
f_14_happy_04_2.wav,happy,happy,happy
f_14_happy_04_3.wav,happy,happy,happy
f_14_happy_04_4.wav,happy,happy,happy
f_14_happy_04_5.wav,happy,happy,happy
f_14_happy_05_1.wav,happy,happy,happy
f_14_happy_05_2.wav,happy,happy,happy
f_14_happy_05_3.wav,happy,happy,happy
f_14_happy_05_4.wav,happy,happy,happy
f_14_happy_05_5.wav,happy,happy,happy
f_14_happy_06_1.wav,happy,happy,happy
f_14_happy_06_2.wav,happy,happy,happy
f_14_happy_06_3.wav,happy,happy,happy
f_14_happy_06_4.wav,happy,happy,happy
f_14_happy_06_5.wav,happy,happy,happy
f_14_happy_07_1.wav,happy,happy,happy
f_14_happy_07_2.wav,happy,happy,happy
f_14_happy_07_3.wav,happy,happy,happy
f_14_happy_07_4.wav,happy,happy,happy
f_14_happy_07_5.wav,happy,happy,happy
f_14_happy_08_1.wav,happy,happy,happy
f_14_happy_08_2.wav,happy,happy,happy
f_14_happy_08_3.wav,happy,happy,happy
f_14_happy_08_4.wav,happy,happy,happy
f_14_happy_08_5.wav,happy,happy,happy
f_14_happy_09_1.wav,happy,happy,happy
f_14_happy_09_2.wav,happy,sad,happy
f_14_happy_09_3.wav,happy,happy,happy
f_14_happy_09_4.wav,happy,happy,happy
f_14_happy_09_5.wav,happy,happy,happy
f_14_happy_10_1.wav,happy,happy,happy
f_14_happy_10_2.wav,happy,happy,happy
f_14_happy_10_3.wav,happy,happy,happy
f_14_happy_10_4.wav,happy,happy,happy
f_14_happy_10_5.wav,happy,happy,happy
f_14_neutral_01_1.wav,neutral,neutral,neutral
f_14_neutral_01_2.wav,neutral,neutral,neutral
f_14_neutral_01_3.wav,neutral,neutral,neutral
f_14_neutral_01_4.wav,neutral,neutral,neutral
f_14_neutral_01_5.wav,neutral,neutral,neutral
f_14_neutral_02_1.wav,neutral,neutral,neutral
f_14_neutral_02_2.wav,neutral,neutral,neutral
f_14_neutral_02_3.wav,neutral,neutral,neutral
f_14_neutral_02_4.wav,neutral,neutral,neutral
f_14_neutral_02_5.wav,neutral,neutral,neutral
f_14_neutral_03_1.wav,neutral,neutral,neutral
f_14_neutral_03_2.wav,neutral,neutral,neutral
f_14_neutral_03_3.wav,neutral,neutral,neutral
f_14_neutral_03_4.wav,neutral,neutral,neutral
f_14_neutral_03_5.wav,neutral,neutral,neutral
f_14_neutral_04_1.wav,disgust,neutral,neutral
f_14_neutral_04_2.wav,neutral,neutral,neutral
f_14_neutral_04_3.wav,neutral,neutral,neutral
f_14_neutral_04_4.wav,neutral,neutral,neutral
f_14_neutral_04_5.wav,neutral,neutral,neutral
f_14_neutral_05_1.wav,neutral,neutral,neutral
f_14_neutral_05_2.wav,neutral,neutral,neutral
f_14_neutral_05_3.wav,neutral,neutral,neutral
f_14_neutral_05_4.wav,neutral,neutral,neutral
f_14_neutral_05_5.wav,neutral,neutral,neutral
f_14_neutral_06_1.wav,neutral,neutral,neutral
f_14_neutral_06_2.wav,disgust,neutral,neutral
f_14_neutral_06_3.wav,neutral,neutral,neutral
f_14_neutral_06_4.wav,neutral,neutral,neutral
f_14_neutral_06_5.wav,neutral,neutral,neutral
f_14_neutral_07_1.wav,neutral,neutral,neutral
f_14_neutral_07_2.wav,disgust,disgust,neutral
f_14_neutral_07_3.wav,disgust,disgust,neutral
f_14_neutral_07_4.wav,neutral,disgust,neutral
f_14_neutral_07_5.wav,neutral,disgust,neutral
f_14_neutral_08_1.wav,neutral,neutral,neutral
f_14_neutral_08_2.wav,neutral,neutral,neutral
f_14_neutral_08_3.wav,neutral,neutral,neutral
f_14_neutral_08_4.wav,neutral,neutral,neutral
f_14_neutral_08_5.wav,neutral,neutral,neutral
f_14_neutral_09_1.wav,disgust,neutral,neutral
f_14_neutral_09_2.wav,neutral,neutral,disgust
f_14_neutral_09_3.wav,neutral,neutral,disgust
f_14_neutral_09_4.wav,neutral,neutral,neutral
f_14_neutral_09_5.wav,neutral,neutral,disgust
f_14_neutral_10_1.wav,neutral,neutral,neutral
f_14_neutral_10_2.wav,neutral,neutral,disgust
f_14_neutral_10_3.wav,neutral,neutral,disgust
f_14_neutral_10_4.wav,neutral,neutral,neutral
f_14_neutral_10_5.wav,neutral,neutral,neutral
f_14_sad_01_1.wav,sad,sad,fear
f_14_sad_01_2.wav,sad,sad,sad
f_14_sad_01_3.wav,sad,sad,sad
f_14_sad_01_4.wav,sad,sad,sad
f_14_sad_01_5.wav,sad,sad,sad
f_14_sad_02_1.wav,sad,sad,sad
f_14_sad_02_2.wav,sad,sad,sad
f_14_sad_02_3.wav,sad,sad,sad
f_14_sad_02_4.wav,sad,sad,sad
f_14_sad_02_5.wav,sad,sad,sad
f_14_sad_03_1.wav,sad,sad,sad
f_14_sad_03_2.wav,sad,sad,sad
f_14_sad_03_3.wav,sad,sad,sad
f_14_sad_03_4.wav,sad,sad,sad
f_14_sad_03_5.wav,sad,sad,sad
f_14_sad_04_1.wav,sad,sad,sad
f_14_sad_04_2.wav,sad,sad,sad
f_14_sad_04_3.wav,sad,sad,sad
f_14_sad_04_4.wav,sad,sad,sad
f_14_sad_04_5.wav,sad,sad,sad
f_14_sad_05_1.wav,sad,sad,sad
f_14_sad_05_2.wav,sad,sad,sad
f_14_sad_05_3.wav,sad,sad,sad
f_14_sad_05_4.wav,sad,sad,sad
f_14_sad_05_5.wav,sad,sad,sad
f_14_sad_06_1.wav,sad,sad,sad
f_14_sad_06_2.wav,sad,sad,sad
f_14_sad_06_3.wav,sad,sad,sad
f_14_sad_06_4.wav,sad,sad,sad
f_14_sad_06_5.wav,sad,sad,sad
f_14_sad_07_1.wav,sad,sad,sad
f_14_sad_07_2.wav,sad,sad,sad
f_14_sad_07_3.wav,sad,sad,sad
f_14_sad_07_4.wav,sad,sad,sad
f_14_sad_07_5.wav,sad,sad,sad
f_14_sad_08_1.wav,sad,sad,sad
f_14_sad_08_2.wav,sad,sad,sad
f_14_sad_08_3.wav,sad,sad,sad
f_14_sad_08_4.wav,sad,sad,sad
f_14_sad_08_5.wav,sad,sad,sad
f_14_sad_09_1.wav,sad,sad,sad
f_14_sad_09_2.wav,sad,sad,sad
f_14_sad_09_3.wav,sad,sad,sad
f_14_sad_09_4.wav,sad,sad,sad
f_14_sad_09_5.wav,sad,sad,sad
f_14_sad_10_1.wav,sad,sad,sad
f_14_sad_10_2.wav,sad,sad,sad
f_14_sad_10_3.wav,sad,sad,disgust
f_14_sad_10_4.wav,sad,sad,neutral
f_14_sad_10_5.wav,sad,sad,sad
f_disgust_a10_0235.wav,angry,disgust,angry
f_disgust_a10_0265.wav,angry,disgust,disgust
m_01_angry_1.wav,angry,angry,angry
m_01_angry_2.wav,angry,angry,angry
m_01_angry_3.wav,angry,disgust,angry
m_01_angry_4.wav,angry,angry,angry
m_01_angry_5.wav,angry,angry,angry
m_01_angry_6.wav,angry,angry,angry
m_01_angry_7.wav,angry,happy,angry
m_01_disgust_1.wav,disgust,disgust,disgust
m_01_disgust_2.wav,neutral,disgust,disgust
m_01_disgust_3.wav,disgust,disgust,disgust
m_01_disgust_4.wav,angry,disgust,disgust
m_01_disgust_5.wav,disgust,disgust,disgust
m_01_disgust_6.wav,disgust,disgust,disgust
m_01_fear_1.wav,fear,fear,fear
m_01_fear_10.wav,fear,fear,fear
m_01_fear_11.wav,fear,fear,fear
m_01_fear_12.wav,fear,fear,fear
m_01_fear_13.wav,fear,fear,fear
m_01_fear_14.wav,fear,fear,fear
m_01_fear_15.wav,fear,fear,fear
m_01_fear_16.wav,fear,fear,fear
m_01_fear_17.wav,fear,fear,fear
m_01_fear_18.wav,fear,fear,fear
m_01_fear_19.wav,fear,fear,fear
m_01_fear_2.wav,fear,fear,fear
m_01_fear_20.wav,fear,fear,fear
m_01_fear_21.wav,fear,fear,fear
m_01_fear_22.wav,fear,fear,fear
m_01_fear_23.wav,fear,fear,fear
m_01_fear_24.wav,fear,fear,fear
m_01_fear_25.wav,fear,disgust,fear
m_01_fear_26.wav,fear,fear,fear
m_01_fear_27.wav,fear,fear,fear
m_01_fear_28.wav,fear,fear,fear
m_01_fear_29.wav,fear,fear,fear
m_01_fear_3.wav,fear,disgust,fear
m_01_fear_30.wav,fear,fear,fear
m_01_fear_31.wav,fear,fear,fear
m_01_fear_32.wav,fear,fear,fear
m_01_fear_33.wav,fear,fear,fear
m_01_fear_34.wav,fear,fear,fear
m_01_fear_35.wav,fear,sad,fear
m_01_fear_36.wav,fear,sad,disgust
m_01_fear_37.wav,disgust,fear,sad
m_01_fear_4.wav,fear,fear,fear
m_01_fear_5.wav,fear,fear,fear
m_01_fear_6.wav,fear,fear,fear
m_01_fear_7.wav,fear,fear,fear
m_01_fear_8.wav,fear,fear,fear
m_01_fear_9.wav,fear,fear,fear
m_01_happy_1.wav,happy,happy,happy
m_01_happy_10.wav,happy,happy,happy
m_01_happy_11.wav,happy,happy,happy
m_01_happy_2.wav,neutral,happy,happy
m_01_happy_3.wav,happy,happy,happy
m_01_happy_4.wav,happy,happy,happy
m_01_happy_5.wav,happy,happy,happy
m_01_happy_6.wav,happy,happy,happy
m_01_happy_7.wav,happy,happy,happy
m_01_happy_8.wav,happy,happy,happy
m_01_happy_9.wav,happy,happy,happy
m_01_sad_1.wav,sad,disgust,sad
m_01_sad_10.wav,sad,sad,sad
m_01_sad_11.wav,sad,sad,sad
m_01_sad_12.wav,sad,fear,sad
m_01_sad_13.wav,sad,fear,sad
m_01_sad_2.wav,sad,sad,sad
m_01_sad_3.wav,sad,sad,sad
m_01_sad_4.wav,sad,sad,sad
m_01_sad_5.wav,neutral,disgust,sad
m_01_sad_6.wav,disgust,disgust,sad
m_01_sad_7.wav,sad,disgust,sad
m_01_sad_8.wav,sad,sad,sad
m_01_sad_9.wav,fear,neutral,sad
m_02_angry_1.wav,angry,disgust,angry
m_02_angry_2.wav,disgust,angry,angry
m_02_angry_3.wav,angry,angry,angry
m_02_disgust_1.wav,angry,angry,disgust
m_02_disgust_2.wav,disgust,disgust,disgust
m_02_disgust_3.wav,disgust,disgust,disgust
m_02_disgust_4.wav,disgust,disgust,disgust
m_02_fear_1.wav,fear,disgust,fear
m_02_fear_2.wav,fear,fear,fear
m_02_fear_3.wav,disgust,disgust,fear
m_02_fear_4.wav,fear,sad,fear
m_02_fear_5.wav,disgust,sad,fear
m_02_fear_6.wav,fear,disgust,fear
m_02_happy_1.wav,happy,happy,happy
m_02_happy_2.wav,disgust,happy,happy
m_02_happy_3.wav,happy,angry,happy
m_02_happy_4.wav,happy,angry,happy
m_02_happy_5.wav,happy,angry,happy
m_02_happy_6.wav,happy,angry,happy
m_02_sad_1.wav,sad,sad,sad
m_02_sad_2.wav,sad,sad,sad
m_02_sad_3.wav,sad,sad,sad
m_02_sad_4.wav,sad,sad,sad
m_02_sad_5.wav,sad,sad,sad
m_02_sad_6.wav,disgust,sad,sad
m_02_sad_7.wav,sad,sad,sad
m_03_angry_1.wav,angry,angry,angry
m_03_angry_2.wav,angry,angry,angry
m_03_disgust_1.wav,fear,angry,disgust
m_03_disgust_2.wav,disgust,angry,disgust
m_03_fear_1.wav,sad,angry,fear
m_03_sad_1.wav,sad,sad,sad
m_04_angry_1.wav,angry,angry,angry
m_04_angry_2.wav,fear,fear,angry
m_04_angry_3.wav,angry,angry,angry
m_04_disgust_2.wav,angry,disgust,disgust
m_04_disgust_3.wav,disgust,disgust,disgust
m_04_fear_1.wav,sad,fear,fear
m_04_fear_2.wav,sad,fear,fear
m_04_fear_3.wav,neutral,fear,fear
m_04_happy_1.wav,happy,happy,happy
m_04_happy_2.wav,happy,happy,happy
m_04_happy_3.wav,happy,happy,happy
m_04_happy_4.wav,happy,happy,happy
m_04_happy_5.wav,happy,happy,happy
m_04_sad_1.wav,sad,sad,sad
m_04_sad_2.wav,sad,sad,sad
m_04_sad_3.wav,sad,sad,sad
m_04_sad_4.wav,sad,sad,sad
m_04_sad_5.wav,sad,sad,sad
m_04_sad_6.wav,sad,sad,sad
m_04_sad_7.wav,sad,sad,sad
m_05_angry_1.wav,angry,angry,angry
m_05_angry_10.wav,angry,angry,angry
m_05_angry_11.wav,angry,angry,angry
m_05_angry_12.wav,angry,angry,disgust
m_05_angry_2.wav,angry,angry,angry
m_05_angry_3.wav,angry,angry,angry
m_05_angry_4.wav,angry,angry,angry
m_05_angry_5.wav,angry,angry,angry
m_05_angry_6.wav,angry,angry,disgust
m_05_angry_7.wav,angry,angry,disgust
m_05_angry_8.wav,angry,angry,disgust
m_05_angry_9.wav,angry,angry,disgust
m_05_disgust_1.wav,angry,disgust,disgust
m_05_disgust_10.wav,disgust,disgust,disgust
m_05_disgust_11.wav,disgust,disgust,disgust
m_05_disgust_12.wav,disgust,disgust,disgust
m_05_disgust_13.wav,disgust,disgust,disgust
m_05_disgust_14.wav,disgust,disgust,disgust
m_05_disgust_15.wav,disgust,disgust,disgust
m_05_disgust_16.wav,disgust,disgust,disgust
m_05_disgust_17.wav,disgust,disgust,disgust
m_05_disgust_18.wav,disgust,angry,sad
m_05_disgust_2.wav,angry,disgust,disgust
m_05_disgust_3.wav,angry,disgust,disgust
m_05_disgust_4.wav,angry,disgust,disgust
m_05_disgust_5.wav,angry,disgust,disgust
m_05_disgust_6.wav,disgust,disgust,disgust
m_05_disgust_7.wav,disgust,disgust,disgust
m_05_disgust_8.wav,disgust,disgust,angry
m_05_disgust_9.wav,disgust,disgust,disgust
m_05_fear_1.wav,disgust,disgust,neutral
m_05_happy_1.wav,happy,happy,happy
m_05_happy_2.wav,happy,happy,happy
m_05_happy_3.wav,happy,happy,happy
m_05_happy_4.wav,happy,happy,happy
m_05_happy_5.wav,happy,happy,happy
m_05_happy_6.wav,happy,happy,happy
m_05_happy_7.wav,happy,happy,happy
m_05_happy_8.wav,happy,happy,happy
m_05_happy_9.wav,happy,happy,happy
m_05_sad_1.wav,happy,disgust,happy
m_05_sad_10.wav,sad,sad,sad
m_05_sad_11.wav,sad,fear,sad
m_05_sad_2.wav,fear,fear,sad
m_05_sad_3.wav,fear,sad,sad
m_05_sad_4.wav,fear,sad,sad
m_05_sad_5.wav,fear,sad,sad
m_05_sad_6.wav,fear,disgust,sad
m_05_sad_7.wav,fear,fear,sad
m_05_sad_8.wav,disgust,disgust,sad
m_05_sad_9.wav,sad,sad,sad
m_06_angry_1.wav,sad,angry,angry
m_06_angry_2.wav,angry,angry,angry
m_06_angry_3.wav,angry,angry,angry
m_06_angry_4.wav,angry,angry,angry
m_06_angry_5.wav,angry,angry,angry
m_06_disgust_1.wav,angry,disgust,disgust
m_06_disgust_2.wav,disgust,fear,disgust
m_06_disgust_3.wav,disgust,disgust,disgust
m_06_disgust_4.wav,angry,angry,disgust
m_06_disgust_5.wav,angry,angry,disgust
m_06_disgust_6.wav,sad,fear,disgust
m_06_fear_1.wav,disgust,disgust,sad
m_06_happy_1.wav,happy,happy,happy
m_06_happy_2.wav,happy,happy,disgust
m_06_happy_3.wav,happy,happy,happy
m_06_happy_4.wav,happy,happy,happy
m_06_happy_5.wav,happy,happy,happy
m_06_sad_1.wav,sad,sad,sad
m_06_sad_2.wav,sad,sad,sad
m_07_angry_1.wav,angry,angry,angry
m_07_disgust_1.wav,disgust,happy,disgust
m_07_fear_1.wav,sad,fear,sad
m_07_fear_10.wav,sad,disgust,fear
m_07_fear_11.wav,angry,fear,fear
m_07_fear_12.wav,sad,fear,fear
m_07_fear_13.wav,sad,fear,fear
m_07_fear_14.wav,sad,fear,fear
m_07_fear_15.wav,fear,fear,fear
m_07_fear_16.wav,sad,fear,fear
m_07_fear_17.wav,fear,angry,fear
m_07_fear_2.wav,sad,fear,sad
m_07_fear_3.wav,sad,fear,fear
m_07_fear_4.wav,fear,fear,happy
m_07_fear_5.wav,sad,fear,sad
m_07_fear_6.wav,sad,fear,fear
m_07_fear_7.wav,sad,fear,fear
m_07_fear_8.wav,fear,fear,fear
m_07_fear_9.wav,fear,fear,sad
m_07_happy_1.wav,happy,happy,happy
m_07_happy_2.wav,happy,happy,happy
m_07_happy_3.wav,happy,happy,happy
m_07_sad_1.wav,sad,sad,sad
m_08_angry_01_1.wav,angry,angry,angry
m_08_angry_01_2.wav,angry,disgust,angry
m_08_angry_01_3.wav,angry,disgust,angry
m_08_angry_01_4.wav,angry,disgust,angry
m_08_angry_01_5.wav,angry,disgust,angry
m_08_angry_02_1.wav,angry,disgust,angry
m_08_angry_02_2.wav,sad,disgust,angry
m_08_angry_02_3.wav,angry,disgust,angry
m_08_angry_02_4.wav,angry,angry,angry
m_08_angry_02_5.wav,disgust,angry,angry
m_08_angry_03_1.wav,disgust,neutral,angry
m_08_angry_03_2.wav,disgust,angry,angry
m_08_angry_03_3.wav,disgust,angry,angry
m_08_angry_03_4.wav,angry,angry,angry
m_08_angry_03_5.wav,angry,angry,angry
m_08_angry_04_1.wav,angry,angry,angry
m_08_angry_04_2.wav,angry,angry,angry
m_08_angry_04_3.wav,angry,angry,angry
m_08_angry_04_4.wav,angry,angry,angry
m_08_angry_04_5.wav,angry,angry,angry
m_08_angry_05_1.wav,angry,angry,angry
m_08_angry_05_2.wav,angry,angry,angry
m_08_angry_05_3.wav,angry,angry,angry
m_08_angry_05_4.wav,angry,angry,angry
m_08_angry_05_5.wav,angry,angry,angry
m_08_angry_06_1.wav,angry,angry,angry
m_08_angry_06_2.wav,angry,angry,angry
m_08_angry_06_3.wav,angry,angry,angry
m_08_angry_06_4.wav,angry,angry,angry
m_08_angry_06_5.wav,angry,angry,angry
m_08_angry_07_1.wav,angry,angry,angry
m_08_angry_07_2.wav,angry,angry,angry
m_08_angry_07_3.wav,angry,angry,angry
m_08_angry_07_4.wav,angry,angry,angry
m_08_angry_07_5.wav,angry,angry,angry
m_08_angry_08_1.wav,angry,angry,angry
m_08_angry_08_2.wav,angry,angry,angry
m_08_angry_08_3.wav,angry,angry,angry
m_08_angry_08_4.wav,angry,angry,angry
m_08_angry_08_5.wav,angry,angry,angry
m_08_angry_09_1.wav,angry,angry,angry
m_08_angry_09_2.wav,angry,angry,angry
m_08_angry_09_3.wav,angry,angry,angry
m_08_angry_09_4.wav,angry,angry,angry
m_08_angry_09_5.wav,angry,angry,angry
m_08_angry_10_1.wav,angry,angry,angry
m_08_angry_10_2.wav,angry,angry,angry
m_08_angry_10_3.wav,angry,angry,angry
m_08_angry_10_4.wav,angry,angry,angry
m_08_angry_10_5.wav,angry,angry,angry
m_08_disgust_01_1.wav,happy,disgust,happy
m_08_disgust_01_2.wav,disgust,disgust,happy
m_08_disgust_01_3.wav,happy,disgust,happy
m_08_disgust_01_4.wav,happy,disgust,happy
m_08_disgust_01_5.wav,happy,disgust,happy
m_08_disgust_02_1.wav,disgust,disgust,disgust
m_08_disgust_02_2.wav,disgust,disgust,disgust
m_08_disgust_02_3.wav,disgust,disgust,disgust
m_08_disgust_02_4.wav,disgust,disgust,disgust
m_08_disgust_02_5.wav,disgust,disgust,disgust
m_08_disgust_03_1.wav,disgust,disgust,disgust
m_08_disgust_03_2.wav,disgust,disgust,disgust
m_08_disgust_03_3.wav,disgust,disgust,disgust
m_08_disgust_03_4.wav,neutral,disgust,disgust
m_08_disgust_03_5.wav,disgust,disgust,disgust
m_08_disgust_04_1.wav,disgust,disgust,disgust
m_08_disgust_04_2.wav,disgust,disgust,disgust
m_08_disgust_04_3.wav,disgust,disgust,disgust
m_08_disgust_04_4.wav,disgust,disgust,disgust
m_08_disgust_04_5.wav,disgust,disgust,disgust
m_08_disgust_05_1.wav,disgust,disgust,disgust
m_08_disgust_05_2.wav,disgust,disgust,disgust
m_08_disgust_05_3.wav,disgust,happy,disgust
m_08_disgust_05_4.wav,disgust,happy,disgust
m_08_disgust_05_5.wav,disgust,happy,disgust
m_08_disgust_06_1.wav,disgust,happy,disgust
m_08_disgust_06_2.wav,disgust,disgust,disgust
m_08_disgust_06_3.wav,disgust,disgust,neutral
m_08_disgust_06_4.wav,disgust,disgust,disgust
m_08_disgust_06_5.wav,disgust,disgust,disgust
m_08_disgust_07_1.wav,disgust,disgust,disgust
m_08_disgust_07_2.wav,disgust,disgust,neutral
m_08_disgust_07_3.wav,disgust,disgust,disgust
m_08_disgust_07_4.wav,disgust,disgust,disgust
m_08_disgust_07_5.wav,disgust,disgust,neutral
m_08_disgust_08_1.wav,disgust,disgust,fear
m_08_disgust_08_2.wav,neutral,disgust,fear
m_08_disgust_08_3.wav,neutral,disgust,neutral
m_08_disgust_08_4.wav,fear,disgust,disgust
m_08_disgust_08_5.wav,fear,disgust,disgust
m_08_disgust_09_1.wav,fear,disgust,disgust
m_08_disgust_09_2.wav,fear,disgust,disgust
m_08_disgust_09_3.wav,fear,disgust,disgust
m_08_disgust_09_4.wav,fear,disgust,disgust
m_08_disgust_09_5.wav,fear,disgust,disgust
m_08_disgust_10_1.wav,disgust,neutral,disgust
m_08_disgust_10_2.wav,disgust,neutral,disgust
m_08_disgust_10_3.wav,disgust,neutral,disgust
m_08_disgust_10_4.wav,disgust,neutral,disgust
m_08_disgust_10_5.wav,disgust,neutral,disgust
m_08_fear_01_1.wav,fear,fear,fear
m_08_fear_01_2.wav,fear,fear,fear
m_08_fear_01_3.wav,fear,fear,fear
m_08_fear_01_4.wav,fear,fear,fear
m_08_fear_01_5.wav,fear,fear,fear
m_08_fear_02_1.wav,fear,fear,fear
m_08_fear_02_2.wav,disgust,fear,fear
m_08_fear_02_3.wav,disgust,fear,fear
m_08_fear_02_4.wav,disgust,fear,fear
m_08_fear_02_5.wav,disgust,fear,fear
m_08_fear_03_1.wav,fear,fear,fear
m_08_fear_03_2.wav,fear,fear,fear
m_08_fear_03_3.wav,fear,fear,fear
m_08_fear_03_4.wav,fear,fear,fear
m_08_fear_03_5.wav,fear,fear,fear
m_08_fear_04_1.wav,fear,fear,fear
m_08_fear_04_2.wav,fear,fear,fear
m_08_fear_04_3.wav,fear,fear,fear
m_08_fear_04_4.wav,fear,fear,fear
m_08_fear_04_5.wav,fear,fear,fear
m_08_fear_05_1.wav,fear,fear,fear
m_08_fear_05_2.wav,fear,fear,fear
m_08_fear_05_3.wav,fear,fear,fear
m_08_fear_05_4.wav,fear,fear,fear
m_08_fear_05_5.wav,fear,fear,fear
m_08_fear_06_1.wav,fear,fear,fear
m_08_fear_06_2.wav,fear,fear,fear
m_08_fear_06_3.wav,fear,fear,fear
m_08_fear_06_4.wav,fear,fear,fear
m_08_fear_06_5.wav,fear,fear,fear
m_08_fear_07_1.wav,fear,fear,fear
m_08_fear_07_2.wav,fear,fear,fear
m_08_fear_07_3.wav,fear,fear,fear
m_08_fear_07_4.wav,fear,fear,fear
m_08_fear_07_5.wav,fear,fear,fear
m_08_fear_08_1.wav,fear,fear,fear
m_08_fear_08_2.wav,fear,fear,fear
m_08_fear_08_3.wav,fear,fear,fear
m_08_fear_08_4.wav,fear,fear,fear
m_08_fear_08_5.wav,fear,fear,fear
m_08_fear_09_1.wav,fear,fear,fear
m_08_fear_09_2.wav,fear,fear,fear
m_08_fear_09_3.wav,fear,fear,fear
m_08_fear_09_4.wav,fear,fear,fear
m_08_fear_09_5.wav,fear,fear,fear
m_08_fear_10_1.wav,fear,fear,fear
m_08_fear_10_2.wav,fear,fear,fear
m_08_fear_10_3.wav,fear,fear,fear
m_08_fear_10_4.wav,fear,fear,fear
m_08_fear_10_5.wav,fear,fear,fear
m_08_happy_01_1.wav,happy,happy,happy
m_08_happy_01_2.wav,happy,happy,happy
m_08_happy_01_3.wav,happy,happy,happy
m_08_happy_01_4.wav,happy,happy,happy
m_08_happy_01_5.wav,happy,happy,happy
m_08_happy_02_1.wav,happy,happy,happy
m_08_happy_02_2.wav,happy,happy,happy
m_08_happy_02_3.wav,happy,happy,happy
m_08_happy_02_4.wav,happy,happy,happy
m_08_happy_02_5.wav,happy,happy,happy
m_08_happy_03_1.wav,happy,happy,happy
m_08_happy_03_2.wav,happy,happy,happy
m_08_happy_03_3.wav,happy,happy,happy
m_08_happy_03_4.wav,happy,happy,happy
m_08_happy_03_5.wav,disgust,happy,happy
m_08_happy_04_1.wav,happy,happy,happy
m_08_happy_04_2.wav,happy,happy,happy
m_08_happy_04_3.wav,happy,happy,happy
m_08_happy_04_4.wav,happy,happy,happy
m_08_happy_04_5.wav,happy,happy,happy
m_08_happy_05_1.wav,happy,happy,happy
m_08_happy_05_2.wav,happy,happy,happy
m_08_happy_05_3.wav,happy,happy,happy
m_08_happy_05_4.wav,happy,happy,happy
m_08_happy_05_5.wav,happy,happy,happy
m_08_happy_06_1.wav,happy,happy,happy
m_08_happy_06_2.wav,happy,happy,happy
m_08_happy_06_3.wav,happy,happy,happy
m_08_happy_06_4.wav,happy,happy,happy
m_08_happy_06_5.wav,happy,happy,happy
m_08_happy_07_1.wav,happy,happy,happy
m_08_happy_07_2.wav,happy,happy,happy
m_08_happy_07_3.wav,happy,happy,happy
m_08_happy_07_4.wav,happy,happy,happy
m_08_happy_07_5.wav,happy,happy,happy
m_08_happy_08_1.wav,happy,happy,happy
m_08_happy_08_2.wav,happy,happy,happy
m_08_happy_08_3.wav,happy,happy,happy
m_08_happy_08_4.wav,happy,happy,happy
m_08_happy_08_5.wav,happy,happy,happy
m_08_happy_09_1.wav,happy,happy,happy
m_08_happy_09_2.wav,happy,happy,happy
m_08_happy_09_3.wav,happy,happy,happy
m_08_happy_09_4.wav,happy,happy,happy
m_08_happy_09_5.wav,happy,happy,happy
m_08_happy_10_1.wav,happy,happy,fear
m_08_happy_10_2.wav,happy,happy,happy
m_08_happy_10_3.wav,happy,happy,happy
m_08_happy_10_4.wav,happy,happy,happy
m_08_happy_10_5.wav,happy,happy,neutral
m_08_neutral_01_1.wav,neutral,neutral,sad
m_08_neutral_01_2.wav,neutral,neutral,fear
m_08_neutral_01_3.wav,neutral,neutral,neutral
m_08_neutral_01_4.wav,neutral,neutral,neutral
m_08_neutral_01_5.wav,neutral,neutral,neutral
m_08_neutral_02_1.wav,neutral,neutral,sad
m_08_neutral_02_2.wav,neutral,neutral,sad
m_08_neutral_02_3.wav,neutral,neutral,neutral
m_08_neutral_02_4.wav,neutral,neutral,neutral
m_08_neutral_02_5.wav,neutral,neutral,neutral
m_08_neutral_03_1.wav,neutral,neutral,neutral
m_08_neutral_03_2.wav,neutral,neutral,neutral
m_08_neutral_03_3.wav,neutral,neutral,neutral
m_08_neutral_03_4.wav,neutral,neutral,neutral
m_08_neutral_03_5.wav,neutral,sad,neutral
m_08_neutral_04_1.wav,neutral,sad,neutral
m_08_neutral_04_2.wav,neutral,sad,fear
m_08_neutral_04_3.wav,neutral,sad,neutral
m_08_neutral_04_4.wav,neutral,sad,neutral
m_08_neutral_04_5.wav,neutral,sad,neutral
m_08_neutral_05_1.wav,neutral,sad,neutral
m_08_neutral_05_2.wav,neutral,sad,neutral
m_08_neutral_05_3.wav,neutral,sad,neutral
m_08_neutral_05_4.wav,neutral,sad,neutral
m_08_neutral_05_5.wav,neutral,neutral,neutral
m_08_neutral_06_1.wav,neutral,neutral,neutral
m_08_neutral_06_2.wav,neutral,neutral,neutral
m_08_neutral_06_3.wav,neutral,neutral,neutral
m_08_neutral_06_4.wav,neutral,neutral,neutral
m_08_neutral_06_5.wav,neutral,neutral,neutral
m_08_neutral_07_1.wav,neutral,neutral,neutral
m_08_neutral_07_2.wav,disgust,neutral,neutral
m_08_neutral_07_3.wav,disgust,neutral,neutral
m_08_neutral_07_4.wav,neutral,neutral,neutral
m_08_neutral_07_5.wav,neutral,neutral,sad
m_08_neutral_08_1.wav,neutral,neutral,neutral
m_08_neutral_08_2.wav,neutral,neutral,fear
m_08_neutral_08_3.wav,neutral,neutral,neutral
m_08_neutral_08_4.wav,disgust,neutral,fear
m_08_neutral_08_5.wav,disgust,neutral,neutral
m_08_neutral_09_1.wav,neutral,neutral,neutral
m_08_neutral_09_2.wav,sad,neutral,neutral
m_08_neutral_09_3.wav,sad,neutral,neutral
m_08_neutral_09_4.wav,neutral,neutral,neutral
m_08_neutral_09_5.wav,neutral,neutral,fear
m_08_neutral_10_1.wav,neutral,neutral,fear
m_08_neutral_10_2.wav,neutral,neutral,neutral
m_08_neutral_10_3.wav,neutral,neutral,neutral
m_08_neutral_10_4.wav,neutral,neutral,neutral
m_08_neutral_10_5.wav,neutral,neutral,neutral
m_08_sad_01_1.wav,disgust,happy,sad
m_08_sad_01_2.wav,disgust,happy,sad
m_08_sad_01_3.wav,disgust,sad,sad
m_08_sad_01_4.wav,sad,sad,sad
m_08_sad_01_5.wav,sad,neutral,sad
m_08_sad_02_1.wav,sad,sad,fear
m_08_sad_02_2.wav,sad,sad,sad
m_08_sad_02_3.wav,sad,sad,sad
m_08_sad_02_4.wav,sad,sad,sad
m_08_sad_02_5.wav,sad,sad,sad
m_08_sad_03_1.wav,sad,sad,sad
m_08_sad_03_2.wav,sad,sad,fear
m_08_sad_03_3.wav,sad,sad,sad
m_08_sad_03_4.wav,sad,sad,sad
m_08_sad_03_5.wav,sad,sad,sad
m_08_sad_04_1.wav,sad,sad,sad
m_08_sad_04_2.wav,sad,sad,sad
m_08_sad_04_3.wav,sad,sad,sad
m_08_sad_04_4.wav,sad,sad,sad
m_08_sad_04_5.wav,sad,sad,sad
m_08_sad_05_1.wav,sad,sad,sad
m_08_sad_05_2.wav,sad,sad,sad
m_08_sad_05_3.wav,sad,sad,sad
m_08_sad_05_4.wav,sad,sad,sad
m_08_sad_05_5.wav,sad,sad,sad
m_08_sad_06_1.wav,sad,sad,sad
m_08_sad_06_2.wav,sad,sad,sad
m_08_sad_06_3.wav,sad,sad,sad
m_08_sad_06_4.wav,sad,sad,sad
m_08_sad_06_5.wav,sad,sad,sad
m_08_sad_07_1.wav,sad,sad,sad
m_08_sad_07_2.wav,sad,sad,sad
m_08_sad_07_3.wav,sad,sad,sad
m_08_sad_07_4.wav,sad,sad,sad
m_08_sad_07_5.wav,sad,sad,sad
m_08_sad_08_1.wav,sad,sad,sad
m_08_sad_08_2.wav,sad,sad,sad
m_08_sad_08_3.wav,sad,sad,sad
m_08_sad_08_4.wav,sad,sad,sad
m_08_sad_08_5.wav,sad,sad,sad
m_08_sad_09_1.wav,sad,sad,sad
m_08_sad_09_2.wav,sad,sad,sad
m_08_sad_09_3.wav,sad,sad,sad
m_08_sad_09_4.wav,sad,sad,sad
m_08_sad_09_5.wav,sad,sad,sad
m_08_sad_10_1.wav,sad,sad,sad
m_08_sad_10_2.wav,sad,sad,sad
m_08_sad_10_3.wav,sad,sad,sad
m_08_sad_10_4.wav,sad,sad,sad
m_08_sad_10_5.wav,sad,sad,sad
m_09_angry_01_1.wav,angry,angry,angry
m_09_angry_01_2.wav,angry,angry,angry
m_09_angry_01_3.wav,angry,angry,angry
m_09_angry_01_4.wav,angry,angry,angry
m_09_angry_01_5.wav,angry,angry,angry
m_09_angry_02_1.wav,angry,angry,angry
m_09_angry_02_2.wav,angry,angry,angry
m_09_angry_02_3.wav,angry,angry,angry
m_09_angry_02_4.wav,angry,angry,angry
m_09_angry_02_5.wav,angry,angry,angry
m_09_angry_03_1.wav,angry,disgust,angry
m_09_angry_03_2.wav,angry,disgust,angry
m_09_angry_03_3.wav,angry,disgust,angry
m_09_angry_03_4.wav,angry,disgust,angry
m_09_angry_03_5.wav,angry,disgust,angry
m_09_angry_04_1.wav,angry,angry,angry
m_09_angry_04_2.wav,angry,angry,angry
m_09_angry_04_3.wav,angry,angry,angry
m_09_angry_04_4.wav,angry,angry,angry
m_09_angry_04_5.wav,angry,angry,angry
m_09_angry_05_1.wav,angry,angry,angry
m_09_angry_05_2.wav,angry,angry,angry
m_09_angry_05_3.wav,angry,angry,angry
m_09_angry_05_4.wav,angry,angry,angry
m_09_angry_05_5.wav,angry,angry,angry
m_09_angry_06_1.wav,angry,angry,angry
m_09_angry_06_2.wav,angry,angry,angry
m_09_angry_06_3.wav,angry,angry,angry
m_09_angry_06_4.wav,angry,angry,angry
m_09_angry_06_5.wav,angry,angry,angry
m_09_angry_07_1.wav,angry,fear,fear
m_09_angry_07_2.wav,angry,angry,angry
m_09_angry_07_3.wav,angry,angry,angry
m_09_angry_07_4.wav,angry,angry,angry
m_09_angry_07_5.wav,angry,angry,angry
m_09_angry_08_1.wav,angry,angry,angry
m_09_angry_08_2.wav,angry,angry,angry
m_09_angry_08_3.wav,angry,angry,angry
m_09_angry_08_4.wav,angry,angry,angry
m_09_angry_08_5.wav,angry,angry,angry
m_09_angry_09_1.wav,angry,angry,angry
m_09_angry_09_2.wav,angry,angry,angry
m_09_angry_09_3.wav,angry,angry,angry
m_09_angry_09_4.wav,angry,angry,angry
m_09_angry_09_5.wav,angry,angry,angry
m_09_angry_10_1.wav,angry,angry,angry
m_09_angry_10_2.wav,angry,angry,angry
m_09_angry_10_3.wav,angry,angry,angry
m_09_angry_10_4.wav,angry,angry,disgust
m_09_angry_10_5.wav,angry,angry,angry
m_09_disgust_01_1.wav,happy,disgust,happy
m_09_disgust_01_2.wav,happy,disgust,happy
m_09_disgust_01_3.wav,happy,disgust,disgust
m_09_disgust_01_4.wav,happy,disgust,neutral
m_09_disgust_01_5.wav,disgust,disgust,neutral
m_09_disgust_02_1.wav,disgust,disgust,happy
m_09_disgust_02_2.wav,disgust,disgust,happy
m_09_disgust_02_3.wav,disgust,disgust,disgust
m_09_disgust_02_4.wav,disgust,disgust,disgust
m_09_disgust_02_5.wav,disgust,disgust,neutral
m_09_disgust_03_1.wav,angry,disgust,disgust
m_09_disgust_03_2.wav,disgust,disgust,neutral
m_09_disgust_03_3.wav,disgust,disgust,disgust
m_09_disgust_03_4.wav,disgust,disgust,disgust
m_09_disgust_03_5.wav,disgust,disgust,neutral
m_09_disgust_04_1.wav,disgust,disgust,disgust
m_09_disgust_04_2.wav,disgust,disgust,disgust
m_09_disgust_04_3.wav,disgust,disgust,neutral
m_09_disgust_04_4.wav,disgust,disgust,disgust
m_09_disgust_04_5.wav,disgust,disgust,disgust
m_09_disgust_05_1.wav,disgust,disgust,disgust
m_09_disgust_05_2.wav,neutral,disgust,disgust
m_09_disgust_05_3.wav,disgust,disgust,disgust
m_09_disgust_05_4.wav,disgust,disgust,disgust
m_09_disgust_05_5.wav,disgust,happy,disgust
m_09_disgust_06_1.wav,disgust,disgust,disgust
m_09_disgust_06_2.wav,disgust,disgust,disgust
m_09_disgust_06_3.wav,disgust,disgust,disgust
m_09_disgust_06_4.wav,disgust,disgust,disgust
m_09_disgust_06_5.wav,disgust,disgust,disgust
m_09_disgust_07_1.wav,disgust,disgust,disgust
m_09_disgust_07_2.wav,disgust,disgust,disgust
m_09_disgust_07_3.wav,disgust,disgust,disgust
m_09_disgust_07_4.wav,disgust,disgust,disgust
m_09_disgust_07_5.wav,disgust,disgust,disgust
m_09_disgust_08_1.wav,disgust,disgust,disgust
m_09_disgust_08_2.wav,disgust,disgust,disgust
m_09_disgust_08_3.wav,disgust,disgust,disgust
m_09_disgust_08_4.wav,disgust,disgust,disgust
m_09_disgust_08_5.wav,disgust,disgust,disgust
m_09_disgust_09_1.wav,disgust,disgust,disgust
m_09_disgust_09_2.wav,disgust,disgust,disgust
m_09_disgust_09_3.wav,disgust,disgust,disgust
m_09_disgust_09_4.wav,disgust,disgust,disgust
m_09_disgust_09_5.wav,disgust,disgust,disgust
m_09_disgust_10_1.wav,disgust,disgust,disgust
m_09_disgust_10_2.wav,disgust,disgust,disgust
m_09_disgust_10_3.wav,disgust,disgust,disgust
m_09_disgust_10_4.wav,disgust,disgust,disgust
m_09_disgust_10_5.wav,disgust,disgust,disgust
m_09_fear_01_1.wav,fear,fear,fear
m_09_fear_01_2.wav,fear,fear,fear
m_09_fear_01_3.wav,fear,fear,fear
m_09_fear_01_4.wav,fear,fear,fear
m_09_fear_01_5.wav,fear,fear,fear
m_09_fear_02_1.wav,fear,fear,fear
m_09_fear_02_2.wav,fear,fear,fear
m_09_fear_02_3.wav,fear,fear,fear
m_09_fear_02_4.wav,fear,fear,fear
m_09_fear_02_5.wav,fear,fear,fear
m_09_fear_03_1.wav,disgust,neutral,fear
m_09_fear_03_2.wav,disgust,neutral,fear
m_09_fear_03_3.wav,disgust,neutral,fear
m_09_fear_03_4.wav,disgust,neutral,fear
m_09_fear_03_5.wav,disgust,neutral,fear
m_09_fear_04_1.wav,disgust,fear,fear
m_09_fear_04_2.wav,disgust,fear,fear
m_09_fear_04_3.wav,disgust,fear,fear
m_09_fear_04_4.wav,disgust,fear,fear
m_09_fear_04_5.wav,disgust,fear,fear
m_09_fear_05_1.wav,disgust,fear,fear
m_09_fear_05_2.wav,fear,fear,fear
m_09_fear_05_3.wav,fear,fear,fear
m_09_fear_05_4.wav,fear,fear,fear
m_09_fear_05_5.wav,fear,fear,fear
m_09_fear_06_1.wav,fear,fear,fear
m_09_fear_06_2.wav,fear,fear,fear
m_09_fear_06_3.wav,fear,fear,fear
m_09_fear_06_4.wav,fear,fear,fear
m_09_fear_06_5.wav,fear,fear,fear
m_09_fear_07_1.wav,neutral,fear,fear
m_09_fear_07_2.wav,disgust,fear,fear
m_09_fear_07_3.wav,disgust,fear,fear
m_09_fear_07_4.wav,fear,fear,fear
m_09_fear_07_5.wav,fear,fear,fear
m_09_fear_08_1.wav,disgust,fear,fear
m_09_fear_08_2.wav,fear,fear,fear
m_09_fear_08_3.wav,fear,fear,fear
m_09_fear_08_4.wav,fear,fear,fear
m_09_fear_08_5.wav,fear,angry,fear
m_09_fear_09_1.wav,fear,fear,fear
m_09_fear_09_2.wav,fear,fear,fear
m_09_fear_09_3.wav,fear,fear,fear
m_09_fear_09_4.wav,fear,fear,fear
m_09_fear_09_5.wav,fear,fear,fear
m_09_fear_10_1.wav,fear,fear,fear
m_09_fear_10_2.wav,fear,fear,fear
m_09_fear_10_3.wav,fear,fear,fear
m_09_fear_10_4.wav,fear,fear,fear
m_09_fear_10_5.wav,fear,fear,fear
m_09_happy_01_1.wav,happy,happy,happy
m_09_happy_01_2.wav,happy,happy,happy
m_09_happy_01_3.wav,happy,happy,happy
m_09_happy_01_4.wav,happy,happy,happy
m_09_happy_01_5.wav,happy,happy,happy
m_09_happy_02_1.wav,happy,happy,happy
m_09_happy_02_2.wav,happy,happy,happy
m_09_happy_02_3.wav,happy,happy,happy
m_09_happy_02_4.wav,happy,happy,happy
m_09_happy_02_5.wav,happy,happy,happy
m_09_happy_03_1.wav,happy,happy,happy
m_09_happy_03_2.wav,happy,happy,happy
m_09_happy_03_3.wav,happy,happy,happy
m_09_happy_03_4.wav,happy,happy,happy
m_09_happy_03_5.wav,happy,happy,happy
m_09_happy_04_1.wav,happy,happy,happy
m_09_happy_04_2.wav,happy,happy,happy
m_09_happy_04_3.wav,happy,happy,happy
m_09_happy_04_4.wav,happy,happy,happy
m_09_happy_04_5.wav,happy,happy,happy
m_09_happy_05_1.wav,happy,happy,happy
m_09_happy_05_2.wav,happy,happy,happy
m_09_happy_05_3.wav,happy,happy,happy
m_09_happy_05_4.wav,happy,happy,happy
m_09_happy_05_5.wav,happy,happy,happy
m_09_happy_06_1.wav,happy,happy,happy
m_09_happy_06_2.wav,happy,happy,happy
m_09_happy_06_3.wav,happy,happy,happy
m_09_happy_06_4.wav,happy,happy,happy
m_09_happy_06_5.wav,happy,happy,happy
m_09_happy_07_.wav,happy,happy,happy
m_09_happy_07_2.wav,happy,happy,happy
m_09_happy_07_3.wav,happy,happy,happy
m_09_happy_07_4.wav,happy,happy,happy
m_09_happy_07_5.wav,happy,happy,happy
m_09_happy_08_1.wav,happy,happy,happy
m_09_happy_08_2.wav,happy,happy,happy
m_09_happy_08_3.wav,happy,happy,happy
m_09_happy_08_4.wav,happy,happy,happy
m_09_happy_08_5.wav,happy,happy,happy
m_09_happy_09_1.wav,happy,angry,happy
m_09_happy_09_2.wav,happy,angry,happy
m_09_happy_09_3.wav,happy,happy,happy
m_09_happy_09_4.wav,happy,happy,happy
m_09_happy_09_5.wav,happy,happy,happy
m_09_happy_10_1.wav,happy,happy,happy
m_09_happy_10_2.wav,happy,happy,happy
m_09_happy_10_3.wav,happy,happy,happy
m_09_happy_10_4.wav,happy,happy,happy
m_09_happy_10_5.wav,happy,happy,happy
m_09_neutral_01_1.wav,neutral,neutral,neutral
m_09_neutral_01_2.wav,neutral,neutral,neutral
m_09_neutral_01_3.wav,neutral,neutral,neutral
m_09_neutral_01_4.wav,neutral,neutral,neutral
m_09_neutral_01_5.wav,neutral,neutral,neutral
m_09_neutral_02_1.wav,neutral,neutral,neutral
m_09_neutral_02_2.wav,neutral,neutral,neutral
m_09_neutral_02_3.wav,neutral,neutral,neutral
m_09_neutral_02_4.wav,neutral,neutral,neutral
m_09_neutral_02_5.wav,neutral,neutral,neutral
m_09_neutral_03_1.wav,disgust,neutral,neutral
m_09_neutral_03_2.wav,disgust,neutral,neutral
m_09_neutral_03_3.wav,disgust,neutral,neutral
m_09_neutral_03_4.wav,neutral,neutral,neutral
m_09_neutral_03_5.wav,neutral,neutral,neutral
m_09_neutral_04_1.wav,disgust,neutral,neutral
m_09_neutral_04_2.wav,neutral,neutral,neutral
m_09_neutral_04_3.wav,neutral,neutral,neutral
m_09_neutral_04_4.wav,neutral,neutral,neutral
m_09_neutral_04_5.wav,neutral,neutral,neutral
m_09_neutral_05_1.wav,neutral,neutral,neutral
m_09_neutral_05_2.wav,neutral,neutral,neutral
m_09_neutral_05_3.wav,neutral,neutral,neutral
m_09_neutral_05_4.wav,neutral,neutral,neutral
m_09_neutral_05_5.wav,neutral,neutral,neutral
m_09_neutral_06_1.wav,neutral,neutral,neutral
m_09_neutral_06_2.wav,neutral,neutral,neutral
m_09_neutral_06_3.wav,neutral,neutral,neutral
m_09_neutral_06_4.wav,neutral,neutral,neutral
m_09_neutral_06_5.wav,neutral,neutral,neutral
m_09_neutral_07_1.wav,neutral,neutral,neutral
m_09_neutral_07_2.wav,neutral,neutral,neutral
m_09_neutral_07_3.wav,neutral,neutral,neutral
m_09_neutral_07_4.wav,neutral,neutral,neutral
m_09_neutral_07_5.wav,neutral,neutral,neutral
m_09_neutral_08_1.wav,neutral,neutral,neutral
m_09_neutral_08_2.wav,neutral,neutral,neutral
m_09_neutral_08_3.wav,neutral,neutral,neutral
m_09_neutral_08_4.wav,neutral,neutral,neutral
m_09_neutral_08_5.wav,neutral,neutral,neutral
m_09_neutral_09_1.wav,neutral,neutral,neutral
m_09_neutral_09_2.wav,neutral,neutral,neutral
m_09_neutral_09_3.wav,neutral,neutral,neutral
m_09_neutral_09_4.wav,neutral,neutral,neutral
m_09_neutral_09_5.wav,neutral,neutral,neutral
m_09_neutral_10_1.wav,neutral,neutral,neutral
m_09_neutral_10_2.wav,neutral,neutral,neutral
m_09_neutral_10_3.wav,neutral,neutral,neutral
m_09_neutral_10_4.wav,neutral,neutral,neutral
m_09_neutral_10_5.wav,neutral,neutral,neutral
m_09_sad_01_1.wav,sad,sad,sad
m_09_sad_01_2.wav,sad,sad,sad
m_09_sad_01_3.wav,sad,sad,sad
m_09_sad_01_4.wav,sad,sad,sad
m_09_sad_01_5.wav,sad,sad,sad
m_09_sad_02_1.wav,sad,sad,sad
m_09_sad_02_2.wav,sad,sad,sad
m_09_sad_02_3.wav,sad,sad,sad
m_09_sad_02_4.wav,sad,sad,sad
m_09_sad_02_5.wav,sad,sad,sad
m_09_sad_03_1.wav,sad,sad,sad
m_09_sad_03_2.wav,sad,sad,sad
m_09_sad_03_3.wav,sad,sad,sad
m_09_sad_03_4.wav,sad,sad,sad
m_09_sad_03_5.wav,sad,sad,sad
m_09_sad_04_1.wav,sad,sad,sad
m_09_sad_04_2.wav,sad,sad,sad
m_09_sad_04_3.wav,sad,sad,sad
m_09_sad_04_4.wav,sad,sad,sad
m_09_sad_04_5.wav,sad,sad,sad
m_09_sad_05_1.wav,sad,sad,sad
m_09_sad_05_2.wav,sad,sad,sad
m_09_sad_05_3.wav,sad,sad,sad
m_09_sad_05_4.wav,sad,sad,sad
m_09_sad_05_5.wav,sad,sad,sad
m_09_sad_06_1.wav,sad,sad,sad
m_09_sad_06_2.wav,sad,sad,sad
m_09_sad_06_3.wav,sad,sad,sad
m_09_sad_06_4.wav,sad,sad,sad
m_09_sad_06_5.wav,sad,sad,sad
m_09_sad_07_1.wav,angry,sad,sad
m_09_sad_07_2.wav,sad,sad,sad
m_09_sad_07_3.wav,sad,sad,sad
m_09_sad_07_4.wav,sad,sad,sad
m_09_sad_07_5.wav,sad,sad,sad
m_09_sad_08_1.wav,sad,sad,sad
m_09_sad_08_2.wav,sad,sad,sad
m_09_sad_08_3.wav,sad,sad,sad
m_09_sad_08_4.wav,sad,sad,sad
m_09_sad_08_5.wav,sad,sad,sad
m_09_sad_09_1.wav,sad,sad,sad
m_09_sad_09_2.wav,sad,sad,sad
m_09_sad_09_3.wav,sad,sad,sad
m_09_sad_09_4.wav,sad,sad,sad
m_09_sad_09_5.wav,sad,sad,sad
m_09_sad_10_1.wav,sad,sad,sad
m_09_sad_10_2.wav,sad,sad,sad
m_09_sad_10_3.wav,sad,sad,sad
m_10_angry_04_4.wav,disgust,disgust,angry
m_10_angry_04_5.wav,neutral,disgust,angry
m_10_angry_05_1.wav,neutral,disgust,angry
m_10_angry_05_2.wav,neutral,disgust,angry
m_10_angry_05_3.wav,neutral,disgust,angry
m_10_angry_05_4.wav,neutral,disgust,angry
m_10_angry_05_5.wav,neutral,disgust,angry
m_10_angry_06_1.wav,neutral,disgust,angry
m_10_angry_06_2.wav,neutral,disgust,angry
m_10_angry_06_3.wav,neutral,disgust,angry
m_10_angry_06_4.wav,angry,disgust,angry
m_10_angry_06_5.wav,angry,disgust,angry
m_10_angry_07_1.wav,angry,disgust,angry
m_10_angry_07_2.wav,angry,disgust,angry
m_10_angry_07_3.wav,angry,disgust,angry
m_10_angry_07_4.wav,angry,disgust,angry
m_10_angry_07_5.wav,angry,disgust,angry
m_10_angry_08_1.wav,angry,disgust,angry
m_10_angry_08_2.wav,angry,disgust,angry
m_10_angry_08_3.wav,angry,disgust,angry
m_10_angry_08_4.wav,angry,disgust,angry
m_10_angry_08_5.wav,angry,disgust,angry
m_10_angry_09_1.wav,angry,disgust,angry
m_10_angry_09_2.wav,angry,disgust,angry
m_10_angry_09_3.wav,angry,disgust,angry
m_10_angry_09_4.wav,angry,disgust,angry
m_10_angry_09_5.wav,angry,disgust,angry
m_10_angry_10_1.wav,angry,disgust,angry
m_10_angry_10_2.wav,angry,disgust,angry
m_10_angry_10_3.wav,angry,disgust,angry
m_10_angry_10_4.wav,disgust,angry,disgust
m_10_angry_10_5.wav,disgust,angry,disgust
m_10_disgust_01_1.wav,neutral,disgust,disgust
m_10_disgust_01_2.wav,neutral,disgust,disgust
m_10_disgust_01_3.wav,neutral,disgust,disgust
m_10_disgust_01_4.wav,disgust,disgust,disgust
m_10_disgust_01_5.wav,disgust,disgust,disgust
m_10_disgust_02_1.wav,neutral,disgust,disgust
m_10_disgust_02_2.wav,neutral,disgust,disgust
m_10_disgust_02_3.wav,disgust,disgust,disgust
m_10_disgust_02_4.wav,disgust,disgust,disgust
m_10_disgust_02_5.wav,neutral,disgust,disgust
m_10_disgust_03_1wav.wav,disgust,disgust,disgust
m_10_disgust_03_2.wav,disgust,disgust,disgust
m_10_disgust_03_3.wav,disgust,disgust,disgust
m_10_disgust_03_4.wav,disgust,disgust,disgust
m_10_disgust_03_5.wav,disgust,disgust,disgust
m_10_disgust_04_1.wav,neutral,disgust,disgust
m_10_disgust_04_2.wav,disgust,disgust,disgust
m_10_disgust_04_3.wav,disgust,disgust,disgust
m_10_disgust_04_4.wav,disgust,disgust,disgust
m_10_disgust_04_5.wav,disgust,disgust,disgust
m_10_disgust_05_1.wav,disgust,disgust,disgust
m_10_disgust_05_2.wav,disgust,disgust,disgust
m_10_disgust_05_3.wav,disgust,disgust,disgust
m_10_disgust_05_4.wav,disgust,disgust,disgust
m_10_disgust_05_5.wav,disgust,disgust,disgust
m_10_disgust_06_1.wav,disgust,disgust,disgust
m_10_disgust_06_2.wav,disgust,disgust,disgust
m_10_disgust_06_3.wav,disgust,disgust,disgust
m_10_disgust_06_4.wav,disgust,disgust,disgust
m_10_disgust_06_5.wav,disgust,disgust,disgust
m_10_disgust_07_1.wav,neutral,disgust,disgust
m_10_disgust_07_2.wav,disgust,disgust,disgust
m_10_disgust_07_3.wav,disgust,disgust,disgust
m_10_disgust_07_4.wav,neutral,disgust,disgust
m_10_disgust_07_5.wav,neutral,disgust,disgust
m_10_disgust_08_1.wav,disgust,disgust,disgust
m_10_disgust_08_2.wav,disgust,disgust,disgust
m_10_disgust_08_3.wav,disgust,disgust,disgust
m_10_disgust_08_4.wav,neutral,disgust,disgust
m_10_disgust_08_5.wav,neutral,disgust,disgust
m_10_disgust_09_1.wav,neutral,disgust,disgust
m_10_disgust_09_2.wav,neutral,disgust,disgust
m_10_disgust_09_3.wav,neutral,disgust,disgust
m_10_disgust_09_4.wav,neutral,disgust,disgust
m_10_disgust_09_5.wav,neutral,disgust,disgust
m_10_disgust_10_1.wav,disgust,disgust,disgust
m_10_disgust_10_2.wav,neutral,disgust,disgust
m_10_disgust_10_3.wav,neutral,disgust,disgust
m_10_disgust_10_4.wav,disgust,disgust,disgust
m_10_disgust_10_5.wav,disgust,disgust,disgust
m_10_fear_01_1.wav,fear,fear,fear
m_10_fear_01_2.wav,fear,fear,fear
m_10_fear_01_3.wav,fear,fear,fear
m_10_fear_01_4.wav,fear,fear,fear
m_10_fear_01_5.wav,fear,fear,fear
m_10_fear_02_1.wav,fear,fear,fear
m_10_fear_02_2.wav,fear,fear,fear
m_10_fear_02_3.wav,fear,fear,fear
m_10_fear_02_4.wav,fear,fear,fear
m_10_fear_02_5.wav,fear,fear,fear
m_10_fear_03_1.wav,fear,fear,fear
m_10_fear_03_2.wav,fear,fear,fear
m_10_fear_03_3.wav,fear,fear,fear
m_10_fear_03_4.wav,fear,fear,fear
m_10_fear_03_5.wav,fear,fear,fear
m_10_fear_04_1.wav,fear,fear,fear
m_10_fear_04_2.wav,fear,fear,fear
m_10_fear_04_3.wav,fear,fear,fear
m_10_fear_04_4.wav,fear,fear,fear
m_10_fear_04_5.wav,fear,fear,fear
m_10_fear_05_1.wav,fear,fear,fear
m_10_fear_05_2.wav,fear,fear,fear
m_10_fear_05_3.wav,fear,fear,fear
m_10_fear_05_4.wav,fear,fear,fear
m_10_fear_05_5.wav,fear,fear,fear
m_10_fear_06_1.wav,fear,fear,fear
m_10_fear_06_2.wav,fear,fear,fear
m_10_fear_06_3.wav,fear,fear,fear
m_10_fear_10_4.wav,fear,fear,fear
m_10_fear_10_5.wav,fear,fear,fear
m_10_happy_01_1.wav,happy,happy,happy
m_10_happy_01_2.wav,happy,happy,happy
m_10_happy_01_3.wav,happy,happy,happy
m_10_happy_01_4.wav,happy,happy,happy
m_10_happy_01_5.wav,happy,happy,happy
m_10_happy_02_1.wav,happy,happy,happy
m_10_happy_02_2.wav,happy,happy,happy
m_10_happy_02_3.wav,happy,happy,happy
m_10_happy_02_4.wav,happy,happy,happy
m_10_happy_02_5.wav,happy,happy,happy
m_10_happy_03_1.wav,happy,happy,happy
m_10_happy_03_2.wav,happy,happy,happy
m_10_happy_03_3.wav,happy,happy,happy
m_10_happy_03_4.wav,happy,happy,happy
m_10_happy_03_5.wav,happy,happy,happy
m_10_happy_04_1.wav,happy,happy,happy
m_10_happy_04_2.wav,happy,happy,happy
m_10_happy_04_3.wav,happy,happy,happy
m_10_happy_04_4.wav,happy,happy,happy
m_10_happy_04_5.wav,happy,happy,happy
m_10_happy_05_1.wav,happy,happy,happy
m_10_happy_05_2.wav,happy,happy,happy
m_10_happy_05_3.wav,happy,happy,happy
m_10_happy_05_4.wav,happy,happy,happy
m_10_happy_05_5.wav,neutral,happy,happy
m_10_happy_06_1.wav,happy,happy,happy
m_10_happy_06_2.wav,happy,happy,happy
m_10_happy_06_3.wav,happy,happy,happy
m_10_happy_06_4.wav,happy,happy,happy
m_10_happy_06_5.wav,happy,happy,happy
m_10_happy_07_1.wav,happy,happy,happy
m_10_happy_07_2.wav,happy,happy,happy
m_10_happy_07_3.wav,happy,happy,happy
m_10_happy_07_4.wav,happy,happy,happy
m_10_happy_07_5.wav,happy,happy,happy
m_10_happy_08_1.wav,sad,happy,disgust
m_10_happy_08_2.wav,happy,happy,happy
m_10_happy_08_3.wav,happy,happy,happy
m_10_happy_08_4.wav,happy,happy,happy
m_10_happy_08_5.wav,happy,happy,happy
m_10_happy_09_1.wav,happy,happy,happy
m_10_happy_09_2.wav,happy,happy,happy
m_10_happy_09_3.wav,happy,happy,happy
m_10_happy_09_4.wav,happy,happy,happy
m_10_happy_09_5.wav,happy,happy,happy
m_10_happy_10_1.wav,happy,happy,happy
m_10_happy_10_2.wav,happy,happy,happy
m_10_happy_10_3.wav,happy,happy,happy
m_10_happy_10_4.wav,happy,happy,happy
m_10_happy_10_5.wav,happy,happy,happy
m_10_neutral_01_1.wav,neutral,neutral,neutral
m_10_neutral_01_2.wav,neutral,neutral,neutral
m_10_neutral_01_3.wav,neutral,neutral,neutral
m_10_neutral_01_4.wav,neutral,neutral,neutral
m_10_neutral_01_5.wav,neutral,neutral,neutral
m_10_neutral_02_1.wav,neutral,neutral,neutral
m_10_neutral_02_2.wav,neutral,neutral,neutral
m_10_neutral_02_3.wav,neutral,neutral,neutral
m_10_neutral_02_4.wav,neutral,neutral,neutral
m_10_neutral_02_5.wav,neutral,neutral,neutral
m_10_neutral_03_1.wav,neutral,neutral,neutral
m_10_neutral_03_2.wav,neutral,neutral,neutral
m_10_neutral_03_3.wav,neutral,neutral,neutral
m_10_neutral_03_4.wav,neutral,neutral,neutral
m_10_neutral_03_5.wav,neutral,neutral,neutral
m_10_neutral_04_1.wav,neutral,neutral,neutral
m_10_neutral_04_2.wav,neutral,neutral,neutral
m_10_neutral_04_3.wav,neutral,neutral,neutral
m_10_neutral_04_4.wav,neutral,neutral,neutral
m_10_neutral_04_5.wav,neutral,neutral,neutral
m_10_neutral_05_1.wav,neutral,neutral,neutral
m_10_neutral_05_2.wav,neutral,neutral,neutral
m_10_neutral_05_3.wav,neutral,neutral,neutral
m_10_neutral_05_4.wav,neutral,neutral,neutral
m_10_neutral_05_5.wav,neutral,neutral,neutral
m_10_neutral_06_1.wav,neutral,neutral,neutral
m_10_neutral_06_2.wav,neutral,neutral,neutral
m_10_neutral_06_3.wav,neutral,neutral,neutral
m_10_neutral_06_4.wav,neutral,neutral,neutral
m_10_neutral_06_5.wav,neutral,neutral,neutral
m_10_neutral_07_1.wav,neutral,neutral,neutral
m_10_neutral_07_2.wav,neutral,neutral,neutral
m_10_neutral_07_3.wav,neutral,neutral,neutral
m_10_neutral_07_4.wav,neutral,neutral,neutral
m_10_neutral_07_5.wav,neutral,neutral,neutral
m_10_neutral_08_1.wav,neutral,neutral,neutral
m_10_neutral_08_2.wav,neutral,neutral,neutral
m_10_neutral_08_3.wav,neutral,neutral,neutral
m_10_neutral_08_4.wav,neutral,neutral,neutral
m_10_neutral_08_5.wav,neutral,neutral,neutral
m_10_neutral_09_1.wav,neutral,neutral,neutral
m_10_neutral_09_2.wav,neutral,neutral,neutral
m_10_neutral_09_3.wav,neutral,neutral,neutral
m_10_neutral_09_4.wav,neutral,neutral,neutral
m_10_neutral_09_5.wav,disgust,neutral,neutral
m_10_neutral_10_1.wav,disgust,neutral,neutral
m_10_neutral_10_2.wav,neutral,neutral,neutral
m_10_neutral_10_3.wav,neutral,neutral,neutral
m_10_neutral_10_4.wav,neutral,neutral,neutral
m_10_neutral_10_5.wav,neutral,neutral,neutral
m_10_sad_01_1.wav,sad,sad,sad
m_10_sad_01_2.wav,sad,sad,sad
m_10_sad_01_3.wav,sad,sad,sad
m_10_sad_01_4.wav,sad,sad,sad
m_10_sad_01_5.wav,sad,sad,sad
m_10_sad_02_1.wav,sad,sad,sad
m_10_sad_02_2.wav,sad,sad,sad
m_10_sad_02_3.wav,sad,sad,sad
m_10_sad_02_4.wav,sad,sad,sad
m_10_sad_02_5.wav,sad,sad,sad
m_10_sad_03_1.wav,sad,sad,sad
m_10_sad_03_2.wav,sad,sad,sad
m_10_sad_03_3.wav,sad,sad,sad
m_10_sad_03_4.wav,neutral,sad,sad
m_10_sad_03_5.wav,sad,sad,sad
m_10_sad_04_1.wav,sad,sad,sad
m_10_sad_04_2.wav,sad,sad,sad
m_10_sad_04_3.wav,sad,sad,sad
m_10_sad_04_4.wav,sad,sad,sad
m_10_sad_04_5.wav,sad,sad,sad
m_10_sad_05_1.wav,sad,sad,sad
m_10_sad_05_2.wav,sad,sad,sad
m_10_sad_05_3.wav,sad,sad,sad
m_10_sad_05_4.wav,sad,sad,sad
m_10_sad_05_5.wav,sad,sad,sad
m_10_sad_06_1.wav,sad,sad,sad
m_10_sad_06_2.wav,sad,sad,sad
m_10_sad_06_3.wav,sad,sad,sad
m_10_sad_06_4.wav,sad,sad,sad
m_10_sad_06_5.wav,sad,sad,sad
m_10_sad_07_1.wav,sad,sad,sad
m_10_sad_07_2.wav,sad,sad,sad
m_10_sad_07_3.wav,sad,sad,sad
m_10_sad_07_4.wav,sad,sad,sad
m_10_sad_07_5.wav,sad,sad,sad
m_10_sad_08_1.wav,sad,sad,sad
m_10_sad_08_2.wav,sad,sad,sad
m_10_sad_08_3.wav,sad,sad,sad
m_10_sad_08_4.wav,sad,sad,sad
m_10_sad_08_5.wav,sad,sad,sad
m_10_sad_09_1.wav,sad,sad,neutral
m_10_sad_09_2.wav,sad,sad,sad
m_10_sad_09_3.wav,sad,sad,neutral
m_10_sad_09_4.wav,sad,sad,sad
m_10_sad_09_5.wav,sad,sad,sad
m_10_sad_10_1.wav,sad,sad,sad
m_10_sad_10_2.wav,sad,sad,sad
m_10_sad_10_3.wav,sad,sad,sad
m_10_sad_10_4.wav,sad,sad,sad
m_10_sad_10_5.wav,sad,sad,sad
m_11_angry_01_1.wav,angry,angry,angry
m_11_angry_01_2.wav,angry,angry,angry
m_11_angry_01_3.wav,angry,angry,angry
m_11_angry_01_4.wav,angry,angry,angry
m_11_angry_01_5.wav,angry,angry,angry
m_11_angry_02_1.wav,angry,angry,angry
m_11_angry_02_2.wav,angry,angry,angry
m_11_angry_02_3.wav,angry,angry,angry
m_11_angry_02_4.wav,angry,angry,angry
m_11_angry_02_5.wav,angry,angry,angry
m_11_angry_03_1.wav,angry,angry,angry
m_11_angry_03_2.wav,angry,angry,angry
m_11_angry_03_3.wav,angry,angry,angry
m_11_angry_03_4.wav,angry,angry,angry
m_11_angry_03_5.wav,angry,angry,angry
m_11_angry_04_1.wav,angry,angry,angry
m_11_angry_04_2.wav,angry,angry,angry
m_11_angry_04_3.wav,angry,angry,angry
m_11_angry_04_4.wav,angry,angry,angry
m_11_angry_04_5.wav,angry,angry,angry
m_11_angry_05_1.wav,angry,angry,angry
m_11_angry_05_2.wav,angry,angry,angry
m_11_angry_05_3.wav,angry,angry,angry
m_11_angry_05_4.wav,angry,angry,angry
m_11_angry_05_5.wav,angry,angry,angry
m_11_angry_06_1.wav,angry,angry,angry
m_11_angry_06_2.wav,angry,angry,angry
m_11_angry_06_3.wav,angry,angry,angry
m_11_angry_06_4.wav,angry,angry,angry
m_11_angry_06_5.wav,angry,angry,angry
m_11_angry_07_1.wav,angry,angry,angry
m_11_angry_07_2.wav,angry,angry,angry
m_11_angry_07_3.wav,angry,angry,angry
m_11_angry_07_4.wav,angry,angry,angry
m_11_angry_07_5.wav,angry,angry,angry
m_11_angry_08_1.wav,angry,angry,disgust
m_11_angry_08_2.wav,angry,angry,disgust
m_11_angry_08_3.wav,angry,angry,angry
m_11_angry_08_4.wav,angry,angry,angry
m_11_angry_08_5.wav,angry,angry,angry
m_11_angry_09_1.wav,angry,angry,angry
m_11_angry_09_2.wav,angry,angry,angry
m_11_angry_09_3.wav,angry,angry,angry
m_11_angry_09_4.wav,angry,angry,angry
m_11_disgust_03_5.wav,disgust,disgust,disgust
m_11_disgust_04_1.wav,disgust,disgust,disgust
m_11_disgust_04_2.wav,disgust,disgust,neutral
m_11_disgust_04_3.wav,disgust,disgust,neutral
m_11_disgust_04_4.wav,disgust,disgust,disgust
m_11_disgust_04_5.wav,disgust,disgust,neutral
m_11_disgust_05_1.wav,disgust,disgust,neutral
m_11_disgust_05_2.wav,neutral,disgust,neutral
m_11_disgust_05_3.wav,disgust,disgust,disgust
m_11_disgust_05_4.wav,disgust,disgust,disgust
m_11_disgust_05_5.wav,disgust,disgust,disgust
m_11_disgust_06_1.wav,disgust,disgust,disgust
m_11_disgust_06_2.wav,disgust,disgust,disgust
m_11_disgust_06_3.wav,disgust,disgust,disgust
m_11_disgust_06_4.wav,disgust,disgust,disgust
m_11_disgust_06_5.wav,disgust,disgust,disgust
m_11_disgust_07_1.wav,disgust,disgust,disgust
m_11_disgust_07_2.wav,disgust,disgust,disgust
m_11_disgust_07_3.wav,disgust,disgust,disgust
m_11_disgust_07_4.wav,disgust,disgust,disgust
m_11_disgust_07_5.wav,disgust,disgust,disgust
m_11_disgust_08_1.wav,neutral,disgust,neutral
m_11_disgust_08_2.wav,neutral,disgust,neutral
m_11_disgust_08_3.wav,neutral,disgust,neutral
m_11_disgust_08_4.wav,neutral,disgust,disgust
m_11_disgust_08_5.wav,neutral,disgust,neutral
m_11_disgust_09_1.wav,disgust,disgust,disgust
m_11_disgust_09_2.wav,disgust,disgust,neutral
m_11_disgust_09_3.wav,disgust,disgust,neutral
m_11_disgust_09_4.wav,disgust,disgust,disgust
m_11_disgust_09_5.wav,disgust,disgust,disgust
m_11_disgust_10_1.wav,disgust,disgust,neutral
m_11_disgust_10_2.wav,disgust,disgust,neutral
m_11_disgust_10_3.wav,disgust,disgust,disgust
m_11_disgust_10_4.wav,disgust,disgust,neutral
m_11_disgust_10_5.wav,disgust,disgust,disgust
m_11_fear_01_1.wav,fear,sad,fear
m_11_fear_01_2.wav,fear,sad,fear
m_11_fear_01_3.wav,fear,sad,sad
m_11_fear_01_4.wav,fear,sad,fear
m_11_fear_01_5.wav,fear,sad,fear
m_11_fear_02_1.wav,fear,sad,fear
m_11_fear_02_2.wav,fear,sad,fear
m_11_fear_02_3.wav,fear,sad,sad
m_11_fear_02_4.wav,fear,sad,fear
m_11_fear_02_5.wav,fear,sad,fear
m_11_fear_03_1.wav,fear,sad,fear
m_11_fear_03_2.wav,fear,sad,fear
m_11_fear_03_3.wav,fear,sad,fear
m_11_fear_03_4.wav,fear,sad,fear
m_11_fear_03_5.wav,fear,fear,fear
m_11_fear_04_1.wav,fear,fear,fear
m_11_fear_04_2.wav,fear,fear,fear
m_11_fear_04_3.wav,fear,fear,fear
m_11_fear_04_4.wav,fear,fear,fear
m_11_fear_04_5.wav,fear,fear,fear
m_11_fear_05_1.wav,fear,fear,fear
m_11_fear_05_2.wav,fear,fear,fear
m_11_fear_05_3.wav,fear,fear,fear
m_11_fear_05_4.wav,fear,fear,fear
m_11_fear_05_5.wav,fear,fear,fear
m_11_fear_06_1.wav,fear,fear,fear
m_11_fear_06_2.wav,fear,fear,fear
m_11_fear_06_3.wav,fear,fear,fear
m_11_fear_06_4.wav,fear,fear,fear
m_11_fear_06_5.wav,fear,fear,fear
m_11_fear_07_1.wav,fear,fear,fear
m_11_fear_07_2.wav,fear,fear,fear
m_11_fear_07_3.wav,fear,fear,fear
m_11_fear_07_4.wav,fear,fear,fear
m_11_fear_07_5.wav,fear,fear,fear
m_11_fear_08_1.wav,fear,fear,fear
m_11_fear_08_2.wav,fear,fear,fear
m_11_fear_08_3.wav,fear,fear,fear
m_11_fear_08_4.wav,fear,fear,fear
m_11_fear_08_5.wav,fear,fear,fear
m_11_fear_09_1.wav,fear,fear,fear
m_11_fear_09_2.wav,fear,fear,fear
m_11_happy_03_3.wav,happy,happy,happy
m_11_happy_03_4.wav,happy,happy,happy
m_11_happy_03_5.wav,happy,happy,happy
m_11_happy_04_1.wav,happy,happy,happy
m_11_happy_04_2.wav,happy,happy,happy
m_11_happy_04_3.wav,happy,happy,happy
m_11_happy_04_4.wav,happy,happy,happy
m_11_happy_04_5.wav,neutral,happy,happy
m_11_happy_05_1.wav,happy,happy,happy
m_11_happy_05_2.wav,happy,happy,happy
m_11_happy_05_3.wav,happy,happy,happy
m_11_happy_05_4.wav,happy,happy,happy
m_11_happy_05_5.wav,happy,happy,fear
m_11_happy_06_1.wav,happy,happy,happy
m_11_happy_06_2.wav,happy,happy,happy
m_11_happy_06_3.wav,happy,happy,happy
m_11_happy_06_4.wav,happy,happy,happy
m_11_happy_06_5.wav,happy,happy,happy
m_11_happy_07_1.wav,happy,happy,fear
m_11_happy_07_2.wav,happy,happy,happy
m_11_happy_07_3.wav,happy,happy,happy
m_11_happy_07_4.wav,happy,happy,happy
m_11_happy_07_5.wav,happy,happy,happy
m_11_happy_08_1.wav,happy,happy,happy
m_11_happy_08_2.wav,happy,happy,happy
m_11_happy_08_3.wav,happy,happy,happy
m_11_happy_08_4.wav,happy,happy,happy
m_11_happy_08_5.wav,happy,happy,happy
m_11_happy_09_1.wav,happy,happy,happy
m_11_happy_09_2.wav,happy,happy,happy
m_11_happy_09_3.wav,happy,happy,happy
m_11_happy_09_4.wav,angry,happy,happy
m_11_happy_09_5.wav,happy,happy,happy
m_11_happy_10_1.wav,happy,happy,happy
m_11_happy_10_2.wav,happy,happy,happy
m_11_happy_10_3.wav,happy,happy,happy
m_11_happy_10_4.wav,happy,happy,happy
m_11_happy_10_5.wav,happy,happy,happy
m_11_neutral_01_1.wav,neutral,neutral,neutral
m_11_neutral_01_2.wav,neutral,neutral,neutral
m_11_neutral_01_3.wav,neutral,neutral,sad
m_11_neutral_01_4.wav,neutral,neutral,sad
m_11_neutral_01_5.wav,neutral,neutral,sad
m_11_neutral_02_1.wav,neutral,neutral,sad
m_11_neutral_02_2.wav,neutral,neutral,sad
m_11_neutral_02_3.wav,neutral,neutral,sad
m_11_neutral_02_4.wav,neutral,neutral,neutral
m_11_neutral_02_5.wav,neutral,neutral,neutral
m_11_neutral_03_1.wav,neutral,neutral,sad
m_11_neutral_03_2.wav,neutral,neutral,sad
m_11_neutral_03_3.wav,neutral,neutral,neutral
m_11_neutral_03_4.wav,neutral,neutral,neutral
m_11_neutral_03_5.wav,neutral,neutral,neutral
m_11_neutral_04_1.wav,neutral,neutral,neutral
m_11_neutral_04_2.wav,neutral,neutral,neutral
m_11_neutral_04_3.wav,neutral,neutral,neutral
m_11_neutral_04_4.wav,neutral,neutral,neutral
m_11_neutral_04_5.wav,neutral,neutral,neutral
m_11_neutral_05_1.wav,neutral,neutral,neutral
m_11_neutral_05_2.wav,neutral,neutral,neutral
m_11_neutral_05_3.wav,neutral,neutral,sad
m_11_neutral_05_4.wav,neutral,neutral,sad
m_11_neutral_05_5.wav,neutral,neutral,neutral
m_11_neutral_06_1.wav,neutral,neutral,neutral
m_11_neutral_06_2.wav,neutral,neutral,neutral
m_11_neutral_06_3.wav,neutral,neutral,sad
m_11_neutral_06_4.wav,neutral,neutral,sad
m_11_neutral_06_5.wav,neutral,neutral,neutral
m_11_neutral_07_1.wav,neutral,neutral,neutral
m_11_neutral_07_2.wav,neutral,neutral,sad
m_11_neutral_07_3.wav,neutral,neutral,neutral
m_11_neutral_07_4.wav,neutral,neutral,neutral
m_11_neutral_07_5.wav,neutral,neutral,neutral
m_11_neutral_08_1.wav,neutral,neutral,neutral
m_11_neutral_08_2.wav,neutral,neutral,neutral
m_11_neutral_08_3.wav,neutral,neutral,neutral
m_11_neutral_08_4.wav,neutral,neutral,neutral
m_11_neutral_08_5.wav,neutral,neutral,neutral
m_11_neutral_09_1.wav,neutral,neutral,neutral
m_11_neutral_09_2.wav,neutral,neutral,neutral
m_11_sad_03_3.wav,sad,sad,sad
m_11_sad_03_4.wav,sad,sad,sad
m_11_sad_03_5.wav,sad,sad,sad
m_11_sad_04_1.wav,sad,sad,sad
m_11_sad_04_2.wav,sad,sad,sad
m_11_sad_04_3.wav,sad,sad,sad
m_11_sad_04_4.wav,sad,sad,sad
m_11_sad_04_5.wav,sad,sad,sad
m_11_sad_05_1.wav,sad,fear,sad
m_11_sad_05_2.wav,sad,fear,sad
m_11_sad_05_3.wav,sad,sad,sad
m_11_sad_05_4.wav,sad,sad,sad
m_11_sad_05_5.wav,neutral,sad,neutral
m_11_sad_06_1.wav,sad,sad,neutral
m_11_sad_06_2.wav,disgust,sad,neutral
m_11_sad_06_3.wav,neutral,sad,sad
m_11_sad_06_4.wav,neutral,sad,sad
m_11_sad_06_5.wav,sad,sad,neutral
m_11_sad_07_1.wav,sad,sad,sad
m_11_sad_07_2.wav,sad,sad,neutral
m_11_sad_07_3.wav,sad,sad,sad
m_11_sad_07_4.wav,sad,sad,sad
m_11_sad_07_5.wav,sad,sad,sad
m_11_sad_08_1.wav,sad,sad,neutral
m_11_sad_08_2.wav,sad,sad,sad
m_11_sad_08_3.wav,sad,sad,neutral
m_11_sad_08_4.wav,sad,fear,sad
m_11_sad_08_5.wav,sad,sad,sad
m_11_sad_09_1.wav,sad,fear,sad
m_11_sad_09_2.wav,sad,fear,sad
m_11_sad_09_3.wav,sad,sad,sad
m_11_sad_09_4.wav,sad,sad,sad
m_11_sad_09_5.wav,sad,sad,sad
m_11_sad_10_1.wav,sad,sad,sad
m_11_sad_10_2.wav,sad,sad,sad
m_11_sad_10_3.wav,sad,sad,neutral
m_11_sad_10_4.wav,sad,sad,neutral
m_11_sad_10_5.wav,sad,sad,sad
